{"name": "basketball", "csv_kwargs": {"sep": "\t"}, "db_load_kwargs": {"postgres": "DELIMITER '\t' QUOTE '\"' ESCAPE '\\' NULL 'NULL' CSV HEADER;"}, "tables": ["players", "series_post", "awards_players", "draft", "awards_coaches", "player_allstar", "teams", "players_teams", "coaches"], "relationships": [["awards_coaches", ["coachID", "year"], "coaches", ["coachID", "year"]], ["awards_players", ["playerID"], "players", ["playerID"]], ["coaches", ["tmID", "year"], "teams", ["tmID", "year"]], ["draft", ["tmID", "draftYear"], "teams", ["tmID", "year"]], ["player_allstar", ["playerID"], "players", ["playerID"]], ["players_teams", ["playerID"], "players", ["playerID"]], ["players_teams", ["tmID", "year"], "teams", ["tmID", "year"]], ["series_post", ["tmIDWinner", "year"], "teams", ["tmID", "year"]]]}