{"players": {"useFirst": {"freq_str_words": ["Tom", "John", "Bill", "Bob", "Jim", "Mike"]}, "firstName": {"freq_str_words": ["Thomas", "John", "Donald", "Charles", "George", "Michael", "Richard", "Robert", "James", "David", "Paul", "William"]}, "middleName": {"freq_str_words": ["Edward", "R.", "L.", "J.", "W.", "Lee", "James", "Joseph", "A.", "E.", "C."]}, "lastName": {"freq_str_words": ["Johnson", "Smith", "Williams"]}, "nameSuffix": {"freq_str_words": ["Jr."]}, "nameNick": {"freq_str_words": ["The", "Bob", "Jim", "Big", "Mike", "Bill"]}, "pos": {"freq_str_words": ["F-C", "C", "G", "G-F", "C-F", "F", "F-G"]}, "college": {"freq_str_words": ["Duke", "UCLA", "Louisiana", "State", "Iowa", "Indiana", "Western", "Kentucky", "Oklahoma", "Arizona", "DePaul", "Michigan", "St.", "John's", "(NY)", "none", "Florida", "Kansas", "Texas", "Virginia", "Southern", "Illinois", "", "Georgia", "Tech", "Washington", "Notre", "Dame", "North", "Carolina", "Tennessee", "Ohio"]}, "collegeOther": {"freq_str_words": ["CC", "State", "/", "JC"]}, "birthDate": {"freq_str_words": ["0000-00-00"]}, "birthCity": {"freq_str_words": ["New", "York", "Brooklyn", "City", "Los", "Angeles", "Detroit", "Chicago", "(ht)", "Philadelphia", "San", "Washington"]}, "birthState": {"freq_str_words": ["NY", "MS", "GA", "IN", "PA", "CA", "NC", "IL", "NJ", "MI", "MO", "TX", "VA", "FL", "WI", "KY", "OH", "AL", "TN", "LA", "DC", "MD"]}, "birthCountry": {"freq_str_words": ["USA"]}, "highSchool": {"freq_str_words": ["/", "St.", "South", "Academy", "Central", "Prep", "East", "Catholic", "West", "Washington"]}, "hsCity": {"freq_str_words": ["New", "York", "Philadelphia", "/", "Brooklyn", "San", "City", "Los", "Angeles", "Chicago", "Detroit", "St.", "Washington"]}, "hsState": {"freq_str_words": ["NJ", "NY", "PA", "/", "MD", "MS", "GA", "IN", "KY", "CA", "MI", "OK", "NC", "IL", "MO", "MN", "FL", "TX", "VA", "MA", "OH", "WI", "AL", "TN", "LA", "WA"]}, "hsCountry": {"freq_str_words": ["USA"]}, "deathDate": {"freq_str_words": ["0000-00-00"]}, "race": {"freq_str_words": ["B", "W"]}}, "series_post": {"round": {"freq_str_words": ["F", "DT", "DF", "DSF", "CF", "CSF", "CFR"]}, "series": {"freq_str_words": ["O", "M", "N", "A", "K", "J", "L", "D", "C", "B"]}, "tmIDWinner": {"freq_str_words": ["PHW", "NYK", "MNL", "SYR", "BOS", "STL", "DET", "LAL", "PHI", "ATL", "MIL", "GSW", "CHI", "WSB", "HOU", "SEA", "CLE", "PHO", "POR", "DEN", "SAS", "NJN", "DAL", "UTA", "IND", "ORL", "MIA", "INA", "KEN"]}, "lgIDWinner": {"freq_str_words": ["NBA", "ABA"]}, "tmIDLoser": {"freq_str_words": ["NYK", "PHW", "BOS", "FTW", "SYR", "STL", "DET", "LAL", "PHI", "CHI", "ATL", "MIL", "PHO", "GSW", "HOU", "WSB", "SEA", "CLE", "SAS", "DEN", "POR", "NJN", "IND", "DAL", "UTA", "SAC", "MIA", "ORL", "MIN", "KEN"]}, "lgIDLoser": {"freq_str_words": ["NBA", "ABA"]}}, "awards_players": {"playerID": {"freq_str_words": ["abdulka01", "birdla01", "bryanko01", "chambwi01", "duncati01", "ervinju01", "garneke01", "havlijo01", "jordami01", "malonka01", "olajuha01", "onealsh01", "paytoga01", "robinda01", "westje01"]}, "award": {"freq_str_words": ["All-Defensive", "Second", "Team", "All-NBA", "Rookie", "of", "the", "Year", "First", "Finals", "MVP", "Most", "Valuable", "Player", "Improved", "Third", "Sixth", "Man", "Defensive", "All-Rookie", "All-ABA"]}, "lgID": {"freq_str_words": ["NBA", "ABA", "NBL"]}, "note": {"freq_str_words": ["tie"]}, "pos": {"freq_str_words": ["C", "F", "G"]}}, "draft": {"tmID": {"freq_str_words": ["DNR", "INA", "KEN", "NYA", "CAR", "UTS", "VIR", "BLB", "BOS", "NYK", "MNL", "ROC", "SYR", "STL", "CIN", "DET", "LAL", "BAL", "PHI", "CHI", "SEA", "MIL", "PHO", "ATL", "CLE", "POR", "BUF", "HOU", "GSW", "WSB", "KCK", "IND", "SAS", "DEN", "NJN", "UTA", "DAL"]}, "firstName": {"freq_str_words": ["Bob", "Mike", "Tom", "Jim", "Gary", "John", "Bill", "Don", "Ron", "Ed", "George", "Steve", "Joe", "Larry"]}, "lastName": {"freq_str_words": ["Williams", "Jones", "Smith", "Johnson"]}, "draftFrom": {"freq_str_words": ["North", "Carolina", "UCLA", "Virginia", "Southern", "State", "Oklahoma", "Illinois", "Texas", "Western", "Florida", "Michigan", "Kentucky", "Tennessee", "Oregon", "Iowa", "Indiana", "Washington", "Georgia", "Tech", "New", "South", "St.", "Kansas", "Louisiana", "Arizona", "San"]}, "lgID": {"freq_str_words": ["ABA", "NBA"]}}, "awards_coaches": {"coachID": {"freq_str_words": ["hannual01", "shuege01", "sharmbi01", "nissato01", "brownla01", "fitchbi01", "brownhu01", "fitzsco01", "nelsodo01", "rileypa01", "popovgr01"]}, "award": {"freq_str_words": ["NBA", "Coach", "of", "the", "Year", "ABA"]}, "lgID": {"freq_str_words": ["NBA", "ABA"]}, "note": {"freq_str_words": ["tie"]}}, "player_allstar": {"playerID": {"freq_str_words": ["abdulka01", "onealsh01"]}, "last_name": {"freq_str_words": ["Abdul-Jabbar", "Johnson", "Jones", "Malone", "O'Neal"]}, "first_name": {"freq_str_words": ["Kareem", "Michael", "Paul", "John", "Dave", "Larry", "Bob", "Chris", "Bill", "Joe", "George", "Tom", "Jack", "Kevin", "Tim", "Julius", "David", "Jerry"]}, "conference": {"freq_str_words": ["East", "West"]}, "league_id": {"freq_str_words": ["NBA", "ABA"]}}, "teams": {"lgID": {"freq_str_words": ["NBL", "NBA", "PBLA", "ABA"]}, "tmID": {"freq_str_words": ["FTW", "BOS", "NYK", "PHW", "SYR", "DET", "LAL", "PHI", "CHI", "SEA", "ATL", "MIL", "PHO", "CLE", "POR", "GSW", "HOU", "WSB", "DEN", "IND", "SAS", "NJN", "UTA", "DAL", "LAC", "SAC", "MIA", "MIN", "ORL", "TOR"]}, "franchID": {"freq_str_words": ["DET", "SAC", "BOS", "LAL", "NYK", "GSW", "PHI", "ATL", "WAS", "CHI", "SAS", "DEN", "IND", "NJN", "HOU", "SEA", "MIL", "PHO", "LAC", "CLE", "POR", "UTA", "DAL", "NOH", "MIA", "MIN", "ORL", "TOR", "MEM"]}, "confID": {"freq_str_words": ["EC", "WC"]}, "divID": {"freq_str_words": ["EA", "WE", "ED", "WD", "CD", "AT", "MW", "PC", "SE", "SW", "NW"]}, "playoff": {"freq_str_words": ["CF", "CS", "F", "NC", "DS", "DF", "C1"]}, "name": {"freq_str_words": ["Fort", "Wayne", "Chicago", "Detroit", "Pistons", "Cleveland", "Royals", "Boston", "Celtics", "New", "York", "Knicks", "Philadelphia", "Warriors", "St.", "Louis", "Syracuse", "Nationals", "Toronto", "Washington", "Atlanta", "Baltimore", "Bullets", "Houston", "Mavericks", "City", "Lakers", "Orleans", "Hawks", "Denver", "Nuggets", "Kings", "Hornets", "Milwaukee", "Los", "Angeles", "San", "76ers", "Bulls", "Dallas", "Rockets", "Indiana", "Pacers", "Minnesota", "Jersey", "Seattle", "Supersonics", "Bucks", "Miami", "Nets", "Phoenix", "Suns", "Cavaliers", "Memphis", "Portland", "Trail", "Blazers", "Utah", "Golden", "State", "Antonio", "Spurs", "Jazz", "Clippers", "Sacramento", "Charlotte", "Heat", "Timberwolves", "Orlando", "Magic", "Raptors", "Grizzlies"]}, "arena": {"freq_str_words": ["Boston", "Garden", "Chicago", "Stadium", "Arena", "Madison", "Square", "(III)", "Philadelphia", "Gardens", "Auditorium", "Sports", "Baltimore", "Coliseum", "Memorial", "Civic", "Fieldhouse", "War", "Center", "Los", "Angeles", "Cobo", "San", "Hall", "Palace", "Oakland-Alameda", "County", "The", "Forum", "Spectrum", "Seattle", "(IV)", "Arizona", "Veterans", "Salt", "Omni", "Capital", "Centre", "HemisFair", "at", "Richfield", "Market", "McNichols", "Summit", "Reunion", "ARCO", "Charlotte", "of", "Auburn", "Hills", "Bradley", "(II)", "Target", "Airlines", "Staples"]}, "bbtmID": {"freq_str_words": ["BOS", "NYK", "PHW", "SYR", "BLT", "DEN", "DET", "LAL", "PHI", "CHI", "IND", "SEA", "ATL", "MIL", "PHO", "CLE", "POR", "GSW", "HOU", "SAN", "WAS", "NJN", "UTA", "DAL", "LAC", "SAC", "MIA", "MIN", "ORL"]}}, "players_teams": {"tmID": {"freq_str_words": ["POR", "MIL", "BOS", "SAC", "PHI", "LAL", "SEA", "ATL", "GSW", "DEN", "ORL", "DAL", "HOU", "IND", "DET", "LAC", "NYK", "WSB", "PHO", "NJN", "TOR", "CHH", "CHI", "MIN", "MIA", "SAS", "UTA", "CHA", "WAS", "CLE"]}, "lgID": {"freq_str_words": ["NBA", "NBL", "ABA"]}}, "coaches": {"coachID": {"freq_str_words": ["adelmri01", "auerbre01", "brownla01", "dunlemi01", "fitchbi01", "fitzsco01", "fratemi01", "holzmre01", "jacksph01", "karlge01", "loughke01", "maclejo01", "mottadi01", "nelsodo01", "ramsaja01", "rileypa01", "shuege01", "sloanje01", "wilkele01"]}, "tmID": {"freq_str_words": ["POR", "GSW", "SAC", "HOU", "MIN", "DET", "DAL", "ORL", "PHO", "CLE", "SAS", "NJN", "CHI", "BOS", "PHI", "LAL", "SEA", "DEN", "WSB", "WAS", "IND", "NYK", "ATL", "LAC", "TOR", "UTA", "MIL", "STL", "MIA"]}, "lgID": {"freq_str_words": ["NBA", "ABA", "ABL1"]}}}