{"users": {"userid": {"nan_ratio": 0.0, "max": 6040, "min": 1, "mean": 3020.2642821659215, "num_unique": 6039, "percentiles": [1.0, 604.8000000000001, 1208.6000000000001, 1812.4000000000003, 2416.2000000000003, 3020.0, 3623.8000000000006, 4227.599999999999, 4832.400000000001, 5436.2, 6040.0], "datatype": "int"}, "age": {"nan_ratio": 0.0, "max": 56, "min": 1, "mean": 30.640172213942705, "num_unique": 7, "percentiles": [1.0, 18.0, 18.0, 25.0, 25.0, 25.0, 35.0, 35.0, 45.0, 50.0, 56.0], "datatype": "int"}, "u_gender": {"nan_ratio": 0.0, "datatype": "categorical", "unique_vals": ["M", "F"], "num_unique": 2}, "occupation": {"nan_ratio": 0.0, "max": 5, "min": 1, "mean": 3.0130816360324557, "num_unique": 5, "percentiles": [1.0, 1.0, 2.0, 2.0, 2.0, 3.0, 4.0, 4.0, 5.0, 5.0, 5.0], "datatype": "int"}}, "movies2actors": {"movieid": {"nan_ratio": 0.0, "max": 2593313, "min": 1672052, "mean": 2147864.8701616926, "num_unique": 3798, "percentiles": [1672052.0, 1769766.0, 1856608.0, 1961185.0, 2049814.0, 2165627.0, 2266691.0, 2362207.0, 2433086.0, 2483077.0, 2593313.0], "datatype": "int"}, "actorid": {"nan_ratio": 0.0, "max": 2749386, "min": 4, "mean": 1304539.1412370165, "num_unique": 84696, "percentiles": [4.0, 258611.0, 500347.0, 744291.6000000002, 1016171.6000000003, 1273571.0, 1532494.0000000014, 1812303.0, 2107148.0, 2424291.5999999996, 2749386.0], "datatype": "int"}, "cast_num": {"nan_ratio": 0.0, "max": 3, "min": 0, "mean": 2.251935322987517, "num_unique": 4, "percentiles": [0.0, 1.0, 2.0, 2.0, 2.0, 2.0, 3.0, 3.0, 3.0, 3.0, 3.0], "datatype": "int"}}, "u2base": {"userid": {"nan_ratio": 0.0, "max": 6040, "min": 1, "mean": 3024.247636170531, "num_unique": 6039, "percentiles": [1.0, 669.0, 1228.0, 1779.0, 2380.0, 3069.0, 3650.0, 4186.0, 4795.0, 5443.0, 6040.0], "datatype": "int"}, "movieid": {"nan_ratio": 0.0, "max": 2593313, "min": 1672052, "mean": 2156964.623228822, "num_unique": 3661, "percentiles": [1672052.0, 1757367.0, 1847080.0, 1950689.0, 2050532.0, 2190982.0, 2308476.0, 2379184.0, 2443099.0, 2485237.0, 2593313.0], "datatype": "int"}, "rating": {"nan_ratio": 0.0, "max": 5, "min": 1, "mean": 3.58227451641756, "num_unique": 5, "percentiles": [1.0, 2.0, 3.0, 3.0, 3.0, 4.0, 4.0, 4.0, 5.0, 5.0, 5.0], "datatype": "int"}}, "movies2directors": {"movieid": {"nan_ratio": 0.0, "max": 2593313, "min": 1672052, "mean": 2152296.768896402, "num_unique": 3814, "percentiles": [1672052.0, 1766668.0, 1856727.0, 1959117.0, 2053508.0, 2173296.0, 2273174.0000000005, 2371648.0, 2438760.0, 2485327.0, 2593313.0], "datatype": "int"}, "directorid": {"nan_ratio": 0.0, "max": 306351, "min": 67, "mean": 152920.75440714802, "num_unique": 2201, "percentiles": [67.0, 32111.0, 61090.0, 91135.0, 120788.0, 150640.0, 179557.0000000001, 216632.0, 245774.0, 277767.0, 306351.0], "datatype": "int"}, "genre": {"nan_ratio": 0.0, "datatype": "categorical", "unique_vals": ["Comedy", "Drama", "Action", "Adventure", "Crime", "Documentary", "Horror", "Animation", "Other"], "num_unique": 9}}, "directors": {"directorid": {"nan_ratio": 0.0, "max": 306351, "min": 67, "mean": 154744.80054520673, "num_unique": 2201, "percentiles": [67.0, 32239.0, 62310.0, 94760.00000000003, 123871.0, 156791.0, 183873.00000000006, 216721.0, 245774.0, 276710.0, 306351.0], "datatype": "int"}, "d_quality": {"nan_ratio": 0.0, "max": 5, "min": 0, "mean": 3.3021353930031805, "num_unique": 6, "percentiles": [0.0, 3.0, 3.0, 3.0, 3.0, 3.0, 4.0, 4.0, 4.0, 4.0, 5.0], "datatype": "int"}, "avg_revenue": {"nan_ratio": 0.0, "max": 4, "min": 0, "mean": 1.8736937755565652, "num_unique": 5, "percentiles": [0.0, 0.0, 0.0, 1.0, 1.0, 2.0, 2.0, 3.0, 3.0, 4.0, 4.0], "datatype": "int"}}, "actors": {"actorid": {"nan_ratio": 0.0, "max": 2749386, "min": 4, "mean": 1333952.3404194955, "num_unique": 98690, "percentiles": [4.0, 262931.10000000003, 513868.2, 772519.7000000001, 1042064.8, 1315981.5, 1590793.8, 1871373.4, 2142592.4, 2444439.3, 2749386.0], "datatype": "int"}, "a_gender": {"nan_ratio": 0.0, "datatype": "categorical", "unique_vals": ["M", "F"], "num_unique": 2}, "a_quality": {"nan_ratio": 0.0, "max": 5, "min": 0, "mean": 2.926993616374506, "num_unique": 6, "percentiles": [0.0, 0.0, 3.0, 3.0, 3.0, 3.0, 4.0, 4.0, 4.0, 4.0, 5.0], "datatype": "int"}}, "movies": {"movieid": {"nan_ratio": 0.0, "max": 2593313, "min": 1672052, "mean": 2153131.3984864303, "num_unique": 3832, "percentiles": [1672052.0, 1769541.0, 1857360.0, 1965243.5, 2055678.0000000002, 2173313.5, 2274910.2, 2371607.9, 2437788.0, 2485256.9, 2593313.0], "datatype": "int"}, "year": {"nan_ratio": 0.0, "max": 4, "min": 1, "mean": 3.6036012526096033, "num_unique": 4, "percentiles": [1.0, 3.0, 3.0, 4.0, 4.0, 4.0, 4.0, 4.0, 4.0, 4.0, 4.0], "datatype": "int"}, "isEnglish": {"nan_ratio": 0.0, "datatype": "categorical", "unique_vals": ["T", "F"], "num_unique": 2}, "country": {"nan_ratio": 0.0, "datatype": "categorical", "unique_vals": ["USA", "other", "UK", "France"], "num_unique": 4}, "runningtime": {"nan_ratio": 0.0, "max": 3, "min": 0, "mean": 1.9921711899791232, "num_unique": 4, "percentiles": [0.0, 1.0, 1.0, 1.0, 2.0, 2.0, 2.0, 3.0, 3.0, 3.0, 3.0], "datatype": "int"}}}