{"name": "movielens", "csv_kwargs": {"sep": "\t"}, "db_load_kwargs": {"postgres": "DELIMITER '\t' QUOTE '\"' ESCAPE '\\' NULL 'NULL' CSV HEADER;"}, "tables": ["users", "movies2actors", "u2base", "movies2directors", "directors", "actors", "movies"], "relationships": [["movies2actors", ["actorid"], "actors", ["actorid"]], ["movies2actors", ["movieid"], "movies", ["movieid"]], ["movies2directors", ["directorid"], "directors", ["directorid"]], ["movies2directors", ["movieid"], "movies", ["movieid"]], ["u2base", ["movieid"], "movies", ["movieid"]], ["u2base", ["userid"], "users", ["userid"]]]}