{"regular_season_compact_results": {"season": {"nan_ratio": 0.0, "max": 2014, "min": 1985, "mean": 2000.4651397827088, "num_unique": 30, "percentiles": [1985.0, 1988.0, 1991.0, 1995.0, 1998.0, 2001.0, 2004.0, 2007.0, 2009.0, 2012.0, 2014.0], "datatype": "int"}, "daynum": {"nan_ratio": 0.0, "max": 132, "min": 0, "mean": 75.57374819791032, "num_unique": 133, "percentiles": [0.0, 28.0, 40.0, 56.0, 68.0, 78.0, 89.0, 98.0, 109.0, 118.0, 132.0], "datatype": "int"}, "wteam": {"nan_ratio": 0.0, "max": 1464, "min": 1101, "mean": 1286.5704041139663, "num_unique": 364, "percentiles": [1101.0, 1141.0, 1178.0, 1216.0, 1251.0, 1283.0, 1325.0, 1359.0, 1396.0, 1431.0, 1464.0], "datatype": "int"}, "wscore": {"nan_ratio": 0.0, "max": 186, "min": 34, "mean": 76.68861376573577, "num_unique": 130, "percentiles": [34.0, 62.0, 66.0, 70.0, 73.0, 76.0, 79.0, 82.0, 86.0, 92.0, 186.0], "datatype": "int"}, "lteam": {"nan_ratio": 0.0, "max": 1464, "min": 1101, "mean": 1283.126168571556, "num_unique": 364, "percentiles": [1101.0, 1141.0, 1174.0, 1208.0, 1247.0, 1281.0, 1321.0, 1358.0, 1393.0, 1427.0, 1464.0], "datatype": "int"}, "lscore": {"nan_ratio": 0.0, "max": 150, "min": 20, "mean": 64.56281675906247, "num_unique": 117, "percentiles": [20.0, 50.0, 55.0, 58.0, 61.0, 64.0, 67.0, 70.0, 74.0, 79.0, 150.0], "datatype": "int"}, "wloc": {"nan_ratio": 0.0, "datatype": "categorical", "unique_vals": ["H", "A", "N"], "num_unique": 3}, "numot": {"nan_ratio": 0.0, "max": 6, "min": 0, "mean": 0.04163756075085832, "num_unique": 7, "percentiles": [0.0, 0.0, 0.0, 0.0, 0.0, 0.0, 0.0, 0.0, 0.0, 0.0, 6.0], "datatype": "int"}}, "tourney_detailed_results": {"season": {"nan_ratio": 0.0, "max": 2014, "min": 2003, "mean": 2008.5615384615385, "num_unique": 12, "percentiles": [2003.0, 2004.0, 2005.0, 2006.0, 2007.0, 2009.0, 2010.0, 2011.0, 2012.0, 2013.0, 2014.0], "datatype": "int"}, "daynum": {"nan_ratio": 0.0, "max": 154, "min": 134, "mean": 139.0871794871795, "num_unique": 12, "percentiles": [134.0, 136.0, 136.0, 137.0, 137.0, 137.0, 138.0, 139.0, 143.0, 145.0, 154.0], "datatype": "int"}, "wteam": {"nan_ratio": 0.0, "max": 1462, "min": 1104, "mean": 1291.6538461538462, "num_unique": 129, "percentiles": [1104.0, 1160.9, 1196.0, 1235.0, 1257.0, 1277.0, 1314.0, 1345.0, 1400.0, 1438.0, 1462.0], "datatype": "int"}, "wscore": {"nan_ratio": 0.0, "max": 121, "min": 47, "mean": 74.61025641025641, "num_unique": 61, "percentiles": [47.0, 61.0, 65.0, 69.0, 72.0, 74.0, 77.0, 79.0, 83.0, 87.0, 121.0], "datatype": "int"}, "lteam": {"nan_ratio": 0.0, "max": 1462, "min": 1102, "mean": 1294.2794871794872, "num_unique": 217, "percentiles": [1102.0, 1140.0, 1181.0, 1231.0, 1266.0, 1293.0, 1329.0, 1371.0, 1407.4, 1437.0, 1462.0], "datatype": "int"}, "lscore": {"nan_ratio": 0.0, "max": 105, "min": 29, "mean": 63.18846153846154, "num_unique": 63, "percentiles": [29.0, 50.0, 54.0, 57.0, 60.0, 63.0, 65.0, 69.0, 72.0, 76.0, 105.0], "datatype": "int"}, "wloc": {"nan_ratio": 0.0, "datatype": "categorical", "unique_vals": ["N"], "num_unique": 1}, "numot": {"nan_ratio": 0.0, "max": 2, "min": 0, "mean": 0.07692307692307693, "num_unique": 3, "percentiles": [0.0, 0.0, 0.0, 0.0, 0.0, 0.0, 0.0, 0.0, 0.0, 0.0, 2.0], "datatype": "int"}, "wfgm": {"nan_ratio": 0.0, "max": 44, "min": 13, "mean": 25.985897435897435, "num_unique": 29, "percentiles": [13.0, 20.0, 22.0, 23.0, 25.0, 26.0, 27.0, 28.0, 30.0, 32.0, 44.0], "datatype": "int"}, "wfga": {"nan_ratio": 0.0, "max": 84, "min": 34, "mean": 54.84230769230769, "num_unique": 42, "percentiles": [34.0, 46.0, 49.0, 51.0, 53.0, 54.5, 56.0, 58.0, 61.0, 65.0, 84.0], "datatype": "int"}, "wfgm3": {"nan_ratio": 0.0, "max": 16, "min": 0, "mean": 6.753846153846154, "num_unique": 17, "percentiles": [0.0, 3.9000000000000057, 4.0, 5.0, 6.0, 6.0, 7.0, 8.0, 9.0, 11.0, 16.0], "datatype": "int"}, "wfga3": {"nan_ratio": 0.0, "max": 35, "min": 4, "mean": 17.465384615384615, "num_unique": 32, "percentiles": [4.0, 11.0, 13.0, 15.0, 16.0, 17.0, 19.0, 20.0, 22.0, 24.0, 35.0], "datatype": "int"}, "wftm": {"nan_ratio": 0.0, "max": 38, "min": 0, "mean": 15.884615384615385, "num_unique": 35, "percentiles": [0.0, 9.0, 11.0, 12.0, 14.0, 15.0, 17.0, 19.0, 21.0, 24.0, 38.0], "datatype": "int"}, "wfta": {"nan_ratio": 0.0, "max": 48, "min": 1, "mean": 21.884615384615383, "num_unique": 44, "percentiles": [1.0, 12.0, 15.0, 18.0, 19.0, 21.0, 23.0, 25.0, 28.0, 32.0, 48.0], "datatype": "int"}, "wor": {"nan_ratio": 0.0, "max": 26, "min": 0, "mean": 10.97051282051282, "num_unique": 25, "percentiles": [0.0, 6.0, 8.0, 9.0, 10.0, 11.0, 12.0, 13.0, 14.0, 16.0, 26.0], "datatype": "int"}, "wdr": {"nan_ratio": 0.0, "max": 43, "min": 14, "mean": 25.73974358974359, "num_unique": 30, "percentiles": [14.0, 20.0, 21.0, 23.0, 24.0, 25.0, 27.0, 28.0, 30.0, 32.0, 43.0], "datatype": "int"}, "wast": {"nan_ratio": 0.0, "max": 29, "min": 3, "mean": 14.378205128205128, "num_unique": 27, "percentiles": [3.0, 9.0, 11.0, 12.0, 13.0, 14.0, 15.0, 16.0, 18.0, 20.0, 29.0], "datatype": "int"}, "wto": {"nan_ratio": 0.0, "max": 28, "min": 3, "mean": 11.988461538461538, "num_unique": 25, "percentiles": [3.0, 7.0, 9.0, 10.0, 11.0, 12.0, 13.0, 14.0, 15.0, 17.0, 28.0], "datatype": "int"}, "wstl": {"nan_ratio": 0.0, "max": 20, "min": 0, "mean": 6.552564102564102, "num_unique": 17, "percentiles": [0.0, 3.0, 4.0, 5.0, 5.0, 6.0, 7.0, 8.0, 9.0, 11.0, 20.0], "datatype": "int"}, "wblk": {"nan_ratio": 0.0, "max": 13, "min": 0, "mean": 3.9128205128205127, "num_unique": 14, "percentiles": [0.0, 1.0, 2.0, 2.0, 3.0, 3.0, 4.0, 5.0, 6.0, 8.0, 13.0], "datatype": "int"}, "wpf": {"nan_ratio": 0.0, "max": 29, "min": 5, "mean": 16.473076923076924, "num_unique": 24, "percentiles": [5.0, 12.0, 13.0, 14.0, 15.0, 16.0, 17.0, 18.0, 20.0, 21.100000000000023, 29.0], "datatype": "int"}, "lfgm": {"nan_ratio": 0.0, "max": 36, "min": 11, "mean": 22.696153846153845, "num_unique": 26, "percentiles": [11.0, 18.0, 19.0, 20.0, 21.0, 22.0, 23.0, 25.0, 26.0, 28.0, 36.0], "datatype": "int"}, "lfga": {"nan_ratio": 0.0, "max": 85, "min": 37, "mean": 57.46923076923077, "num_unique": 45, "percentiles": [37.0, 48.0, 51.0, 53.0, 55.0, 57.0, 59.0, 61.0, 64.0, 67.0, 85.0], "datatype": "int"}, "lfgm3": {"nan_ratio": 0.0, "max": 18, "min": 0, "mean": 6.001282051282051, "num_unique": 18, "percentiles": [0.0, 3.0, 4.0, 4.0, 5.0, 6.0, 6.0, 7.0, 8.0, 10.0, 18.0], "datatype": "int"}, "lfga3": {"nan_ratio": 0.0, "max": 42, "min": 5, "mean": 19.77051282051282, "num_unique": 35, "percentiles": [5.0, 12.900000000000006, 15.0, 17.0, 18.0, 19.5, 21.0, 22.0, 24.0, 27.0, 42.0], "datatype": "int"}, "lftm": {"nan_ratio": 0.0, "max": 31, "min": 0, "mean": 11.794871794871796, "num_unique": 32, "percentiles": [0.0, 6.0, 7.0, 9.0, 10.0, 11.0, 13.0, 14.0, 16.0, 18.0, 31.0], "datatype": "int"}, "lfta": {"nan_ratio": 0.0, "max": 39, "min": 3, "mean": 17.0, "num_unique": 37, "percentiles": [3.0, 9.0, 11.800000000000011, 13.0, 15.0, 17.0, 18.0, 20.0, 22.0, 26.0, 39.0], "datatype": "int"}, "lor": {"nan_ratio": 0.0, "max": 26, "min": 1, "mean": 11.47948717948718, "num_unique": 26, "percentiles": [1.0, 6.0, 8.0, 9.0, 10.0, 11.0, 12.0, 14.0, 15.0, 17.0, 26.0], "datatype": "int"}, "ldr": {"nan_ratio": 0.0, "max": 33, "min": 10, "mean": 20.98205128205128, "num_unique": 24, "percentiles": [10.0, 16.0, 17.0, 19.0, 20.0, 21.0, 22.0, 23.0, 25.0, 26.0, 33.0], "datatype": "int"}, "last": {"nan_ratio": 0.0, "max": 23, "min": 2, "mean": 11.496153846153845, "num_unique": 21, "percentiles": [2.0, 7.0, 8.0, 10.0, 10.0, 12.0, 12.0, 13.0, 14.0, 16.0, 23.0], "datatype": "int"}, "lto": {"nan_ratio": 0.0, "max": 27, "min": 3, "mean": 12.471794871794872, "num_unique": 23, "percentiles": [3.0, 8.0, 9.0, 10.0, 11.0, 12.0, 13.0, 14.0, 16.0, 18.0, 27.0], "datatype": "int"}, "lstl": {"nan_ratio": 0.0, "max": 19, "min": 0, "mean": 5.93974358974359, "num_unique": 18, "percentiles": [0.0, 2.0, 4.0, 4.0, 5.0, 6.0, 6.0, 7.0, 8.0, 9.100000000000023, 19.0], "datatype": "int"}, "lblk": {"nan_ratio": 0.0, "max": 13, "min": 0, "mean": 2.917948717948718, "num_unique": 13, "percentiles": [0.0, 0.0, 1.0, 2.0, 2.0, 3.0, 3.0, 4.0, 4.0, 6.0, 13.0], "datatype": "int"}, "lpf": {"nan_ratio": 0.0, "max": 33, "min": 7, "mean": 19.123076923076923, "num_unique": 26, "percentiles": [7.0, 14.0, 16.0, 17.0, 18.0, 19.0, 20.0, 21.0, 23.0, 25.0, 33.0], "datatype": "int"}}, "seasons": {"season": {"nan_ratio": 0.0, "max": 2015, "min": 1985, "mean": 2000.0, "num_unique": 31, "percentiles": [1985.0, 1988.0, 1991.0, 1994.0, 1997.0, 2000.0, 2003.0, 2006.0, 2009.0, 2012.0, 2015.0], "datatype": "int"}, "dayzero": {"nan_ratio": 0.0, "datatype": "categorical", "unique_vals": ["1988-10-31 00:00:00", "2008-11-03 00:00:00", "2002-11-04 00:00:00", "1997-10-27 00:00:00", "2000-10-30 00:00:00", "1985-10-28 00:00:00", "1999-11-01 00:00:00", "2013-11-04 00:00:00", "2003-11-03 00:00:00", "1995-10-30 00:00:00", "1998-10-26 00:00:00", "1994-10-31 00:00:00", "1996-10-28 00:00:00", "2007-11-05 00:00:00", "2009-11-02 00:00:00", "1990-10-29 00:00:00", "2012-11-05 00:00:00", "1987-11-02 00:00:00", "2006-10-30 00:00:00", "1986-10-27 00:00:00", "2005-10-31 00:00:00", "1993-11-01 00:00:00", "1989-10-30 00:00:00", "2004-11-01 00:00:00", "1984-10-29 00:00:00", "2011-10-31 00:00:00", "2001-10-29 00:00:00", "1991-11-04 00:00:00", "1992-11-02 00:00:00", "2014-11-03 00:00:00", "2010-11-01 00:00:00"], "num_unique": 31}, "regionW": {"nan_ratio": 0.0, "datatype": "categorical", "unique_vals": ["East", "Atlanta", "Albuquerque"], "num_unique": 3}, "regionX": {"nan_ratio": 0.0, "datatype": "categorical", "unique_vals": ["Midwest", "South", "West", "Southeast", "Oakland", "Phoenix", "Chicago"], "num_unique": 7}, "regionY": {"nan_ratio": 0.0, "datatype": "categorical", "unique_vals": ["Midwest", "Southeast", "South", "EastRutherford", "Austin", "Minneapolis"], "num_unique": 6}, "regionZ": {"nan_ratio": 0.0, "datatype": "categorical", "unique_vals": ["West", "Southeast", "South", "Southwest", "WashingtonDC", "Syracuse", "StLouis"], "num_unique": 7}}, "target": {"id": {"nan_ratio": 0.0, "datatype": "categorical", "unique_vals": ["2014_1124_1458", "2014_1112_1361", "2011_1181_1276", "2011_1276_1397", "2013_1243_1247", "2012_1231_1308", "2012_1124_1160", "2013_1231_1396", "2011_1232_1393", "2013_1129_1247", "2013_1285_1393", "2012_1433_1455", "2014_1243_1246", "2014_1107_1196", "2012_1124_1246", "2011_1153_1281", "2012_1281_1313", "2014_1113_1400", "2014_1124_1166", "2014_1372_1417", "2012_1246_1257", "2012_1172_1257", "2014_1276_1400", "2011_1350_1435", "2013_1112_1125", "2014_1203_1272", "2013_1233_1326", "2012_1161_1293", "2012_1199_1382", "2012_1435_1458", "2012_1285_1458", "2011_1131_1242", "2013_1211_1455", "2013_1181_1277", "2012_1196_1266", "2011_1199_1323", "2013_1276_1433", "2011_1243_1458", "2013_1266_1274", "2013_1257_1332", "2011_1211_1385", "2012_1345_1388", "2011_1314_1449", "2014_1332_1458", "2011_1246_1343", "2013_1266_1393", "2013_1231_1393", "2012_1301_1361", "2012_1243_1393", "2011_1139_1330", "2014_1276_1397", "2011_1207_1433", "2013_1251_1299", "2013_1276_1355", "2014_1307_1390", "2011_1246_1326", "2011_1266_1393", "2014_1163_1196", "2013_1196_1278", "2011_1140_1211", "2011_1242_1350", "2013_1272_1388", "2014_1140_1332", "2011_1106_1427", "2014_1173_1393", "2014_1142_1411", "2011_1242_1433", "2014_1235_1314", "2013_1235_1323", "2013_1314_1437", "2013_1272_1277", "2014_1173_1196", "2011_1277_1417", "2012_1231_1433", "2011_1206_1326", "2011_1361_1396", "2011_1112_1163", "2012_1242_1246", "2013_1217_1307", "2012_1196_1313", "2012_1259_1326", "2014_1157_1438", "2013_1143_1393", "2014_1211_1329", "2012_1242_1314", "2013_1276_1393", "2013_1195_1196", "2011_1246_1314", "2012_1257_1277", "2011_1326_1427", "2013_1139_1266", "2012_1250_1462", "2013_1328_1361", "2011_1345_1433", "2013_1242_1276", "2013_1277_1434", "2013_1181_1257", "2012_1217_1435", "2012_1326_1393", "2011_1114_1421", "2014_1166_1418", "2014_1112_1451", "2011_1199_1401", "2011_1139_1163", "2011_1254_1314", "2014_1276_1459", "2011_1137_1163", "2012_1246_1443", "2012_1211_1452", "2011_1196_1417", "2014_1196_1338", "2014_1269_1397", "2012_1249_1436", "2013_1338_1455", "2014_1246_1458", "2013_1231_1241", "2014_1174_1277", "2014_1246_1276", "2014_1301_1462", "2012_1272_1387", "2011_1266_1462", "2013_1166_1181", "2011_1338_1421", "2013_1278_1417", "2011_1153_1163", "2011_1139_1458", "2014_1246_1455", "2011_1139_1433", "2012_1211_1326", "2013_1329_1332", "2011_1139_1196", "2014_1273_1397", "2014_1163_1437", "2011_1181_1214", "2014_1272_1438", "2012_1242_1326", "2012_1124_1462", "2012_1231_1246", "2012_1323_1462", "2014_1295_1328", "2012_1125_1207", "2012_1153_1199", "2014_1163_1386", "2014_1163_1277", "2014_1112_1211", "2013_1137_1139", "2011_1208_1449", "2011_1246_1452", "2014_1246_1257", "2014_1124_1304", "2012_1393_1458", "2014_1308_1361", "2013_1274_1334", "2012_1253_1307", "2012_1140_1233", "2013_1143_1424", "2012_1235_1246", "2014_1160_1338", "2011_1112_1181", "2012_1124_1355", "2014_1181_1273", "2011_1266_1314", "2011_1425_1433", "2011_1294_1361", "2014_1409_1417", "2012_1242_1345", "2013_1160_1228", "2011_1155_1452", "2012_1178_1242", "2012_1160_1424", "2011_1140_1459", "2013_1292_1388", "2012_1254_1277", "2012_1163_1235", "2011_1112_1400", "2011_1125_1458", "2013_1172_1266", "2012_1140_1266", "2014_1184_1242", "2012_1153_1400", "2012_1181_1250", "2011_1206_1437", "2012_1207_1301", "2012_1242_1301", "2013_1247_1279", "2014_1110_1458", "2014_1257_1264", "2014_1277_1438", "2014_1301_1387", "2013_1107_1181", "2013_1247_1455", "2014_1295_1361", "2014_1235_1300", "2013_1153_1166", "2013_1332_1387", "2014_1173_1390", "2012_1166_1314", "2014_1112_1458", "2011_1155_1412", "2011_1103_1323", "2013_1241_1254", "2013_1301_1396", "2013_1326_1455", "2011_1324_1400", "2012_1196_1257", "2011_1163_1246", "2013_1195_1361", "2013_1195_1207", "2014_1437_1454", "2013_1308_1387", "2013_1112_1217", "2013_1228_1274", "2013_1103_1433", "2012_1290_1443", "2013_1257_1299", "2011_1199_1433", "2011_1112_1272", "2012_1153_1326", "2014_1242_1390", "2011_1345_1389", "2013_1257_1455", "2014_1234_1397", "2012_1266_1293", "2011_1336_1396", "2013_1161_1257", "2014_1217_1277", "2011_1228_1242", "2012_1196_1438", "2012_1314_1325", "2012_1243_1379", "2013_1161_1281", "2011_1228_1424", "2013_1196_1276", "2014_1372_1433", "2014_1393_1444", "2014_1153_1217", "2013_1235_1326", "2012_1314_1436", "2014_1196_1417", "2013_1242_1314", "2012_1378_1396", "2014_1257_1387", "2014_1163_1235", "2013_1242_1443", "2012_1393_1421", "2013_1279_1458", "2011_1140_1196", "2014_1163_1246", "2013_1196_1322", "2012_1104_1166", "2011_1243_1429", "2012_1277_1387", "2013_1211_1380", "2011_1257_1287", "2011_1139_1338", "2012_1276_1325", "2014_1173_1326", "2013_1257_1276", "2011_1196_1364", "2013_1112_1326", "2012_1143_1378", "2011_1287_1350", "2011_1163_1361", "2014_1142_1455", "2012_1325_1378", "2012_1257_1307", "2014_1314_1344", "2014_1107_1291"], "num_unique": 268}, "season": {"nan_ratio": 0.0, "max": 2014, "min": 2011, "mean": 2012.5, "num_unique": 4, "percentiles": [2011.0, 2011.0, 2011.0, 2012.0, 2012.0, 2012.5, 2013.0, 2013.0, 2014.0, 2014.0, 2014.0], "datatype": "int"}, "team_id1": {"nan_ratio": 0.0, "max": 1437, "min": 1103, "mean": 1223.0746268656717, "num_unique": 97, "percentiles": [1103.0, 1124.0, 1153.0, 1172.0, 1196.0, 1231.0, 1243.0, 1257.0, 1277.0, 1324.3, 1437.0], "datatype": "int"}, "team_id2": {"nan_ratio": 0.0, "max": 1462, "min": 1125, "mean": 1343.9962686567164, "num_unique": 99, "percentiles": [1125.0, 1224.7, 1264.8, 1291.2, 1325.0, 1355.0, 1389.2, 1400.0, 1433.0, 1454.3, 1462.0], "datatype": "int"}, "pred": {"nan_ratio": 0.0, "max": 0.5, "min": 0.5, "mean": 0.5, "num_unique": 1, "percentiles": [0.5, 0.5, 0.5, 0.5, 0.5, 0.5, 0.5, 0.5, 0.5, 0.5, 0.5], "datatype": "float"}, "team_id1_wins": {"nan_ratio": 0.0, "max": 1, "min": 0, "mean": 0.5373134328358209, "num_unique": 2, "percentiles": [0.0, 0.0, 0.0, 0.0, 0.0, 1.0, 1.0, 1.0, 1.0, 1.0, 1.0], "datatype": "int"}, "team_id2_wins": {"nan_ratio": 0.0, "max": 1, "min": 0, "mean": 0.4626865671641791, "num_unique": 2, "percentiles": [0.0, 0.0, 0.0, 0.0, 0.0, 0.0, 1.0, 1.0, 1.0, 1.0, 1.0], "datatype": "int"}}, "tourney_seeds": {"season": {"nan_ratio": 0.0, "max": 2014, "min": 1985, "mean": 1999.6377183967113, "num_unique": 30, "percentiles": [1985.0, 1988.0, 1991.0, 1994.0, 1997.0, 2000.0, 2003.0, 2006.0, 2009.0, 2012.0, 2014.0], "datatype": "int"}, "seed": {"nan_ratio": 0.0, "datatype": "categorical", "unique_vals": ["Z15", "Z06", "Y07", "W13", "Z05", "Y03", "W03", "X09", "W10", "W14", "Z02", "Y14", "Y04", "X11", "W02", "W09", "X15", "Y09", "Y08", "Z10", "Y02", "W07", "X08", "X01", "W05", "W15", "Y06", "X03", "W04", "X13", "X14", "W06", "Z09", "Y13", "X04", "Z04", "Y01", "X07", "X05", "Y10", "W11", "X06", "Z08", "X10", "Z03", "Z12", "W08", "Z01", "W01", "Y15", "Z07", "Y05", "X02", "X12", "Y12", "Z14", "Z13", "Z11", "W12", "Y11", "Z16", "W16", "X16", "Y16", "Y16b", "Y16a", "W16b", "W16a", "X16b", "X16a", "Z16b", "Z16a", "Y11b", "Y11a", "W12b", "Z11a", "Z13a", "Z14a", "X12b", "Z11b", "Z13b", "W12a", "Y12a", "Z14b", "Y12b", "X12a"], "num_unique": 86}, "team": {"nan_ratio": 0.0, "max": 1462, "min": 1102, "mean": 1290.66443987667, "num_unique": 286, "percentiles": [1102.0, 1143.0, 1190.0, 1231.0, 1259.0, 1285.0, 1326.0, 1356.0, 1397.0, 1433.0, 1462.0], "datatype": "int"}}, "regular_season_detailed_results": {"season": {"nan_ratio": 0.0, "max": 2014, "min": 2003, "mean": 2008.6832843121056, "num_unique": 12, "percentiles": [2003.0, 2004.0, 2005.0, 2006.0, 2008.0, 2009.0, 2010.0, 2011.0, 2012.0, 2013.0, 2014.0], "datatype": "int"}, "daynum": {"nan_ratio": 0.0, "max": 132, "min": 0, "mean": 71.55173667338643, "num_unique": 133, "percentiles": [0.0, 21.0, 33.0, 48.0, 63.0, 75.0, 86.0, 96.0, 107.0, 117.0, 132.0], "datatype": "int"}, "wteam": {"nan_ratio": 0.0, "max": 1464, "min": 1101, "mean": 1286.5848507881954, "num_unique": 355, "percentiles": [1101.0, 1140.0, 1177.0, 1214.0, 1251.0, 1284.0, 1325.0, 1359.0, 1396.0, 1431.0, 1464.0], "datatype": "int"}, "wscore": {"nan_ratio": 0.0, "max": 142, "min": 34, "mean": 74.58382629961334, "num_unique": 97, "percentiles": [34.0, 61.0, 65.0, 69.0, 71.0, 74.0, 77.0, 80.0, 84.0, 89.0, 142.0], "datatype": "int"}, "lteam": {"nan_ratio": 0.0, "max": 1464, "min": 1101, "mean": 1282.4658779206186, "num_unique": 355, "percentiles": [1101.0, 1141.0, 1175.0, 1208.0, 1245.0, 1281.0, 1320.0, 1357.0, 1391.0, 1423.0, 1464.0], "datatype": "int"}, "lscore": {"nan_ratio": 0.0, "max": 140, "min": 20, "mean": 62.58997323110479, "num_unique": 99, "percentiles": [20.0, 49.0, 54.0, 57.0, 60.0, 62.0, 65.0, 68.0, 71.0, 76.0, 140.0], "datatype": "int"}, "wloc": {"nan_ratio": 0.0, "datatype": "categorical", "unique_vals": ["H", "A", "N"], "num_unique": 3}, "numot": {"nan_ratio": 0.0, "max": 6, "min": 0, "mean": 0.07113586040516871, "num_unique": 7, "percentiles": [0.0, 0.0, 0.0, 0.0, 0.0, 0.0, 0.0, 0.0, 0.0, 0.0, 6.0], "datatype": "int"}, "wfgm": {"nan_ratio": 0.0, "max": 49, "min": 10, "mean": 25.796275488284476, "num_unique": 40, "percentiles": [10.0, 20.0, 22.0, 23.0, 24.0, 26.0, 27.0, 28.0, 30.0, 32.0, 49.0], "datatype": "int"}, "wfga": {"nan_ratio": 0.0, "max": 103, "min": 27, "mean": 54.59638454674642, "num_unique": 68, "percentiles": [27.0, 45.0, 48.0, 50.0, 52.0, 54.0, 56.0, 58.0, 61.0, 64.0, 103.0], "datatype": "int"}, "wfgm3": {"nan_ratio": 0.0, "max": 23, "min": 0, "mean": 6.789963316699164, "num_unique": 24, "percentiles": [0.0, 3.0, 4.0, 5.0, 6.0, 7.0, 7.0, 8.0, 9.0, 11.0, 23.0], "datatype": "int"}, "wfga3": {"nan_ratio": 0.0, "max": 56, "min": 1, "mean": 17.733269440497043, "num_unique": 53, "percentiles": [1.0, 11.0, 13.0, 15.0, 16.0, 17.0, 19.0, 20.0, 22.0, 25.0, 56.0], "datatype": "int"}, "wftm": {"nan_ratio": 0.0, "max": 48, "min": 0, "mean": 16.20131200634522, "num_unique": 49, "percentiles": [0.0, 8.0, 11.0, 13.0, 14.0, 16.0, 17.0, 19.0, 21.0, 24.0, 48.0], "datatype": "int"}, "wfta": {"nan_ratio": 0.0, "max": 67, "min": 0, "mean": 22.925741101820947, "num_unique": 66, "percentiles": [0.0, 13.0, 16.0, 18.0, 20.0, 22.0, 25.0, 27.0, 30.0, 34.0, 67.0], "datatype": "int"}, "wor": {"nan_ratio": 0.0, "max": 36, "min": 0, "mean": 11.205608248785484, "num_unique": 36, "percentiles": [0.0, 6.0, 8.0, 9.0, 10.0, 11.0, 12.0, 13.0, 15.0, 17.0, 36.0], "datatype": "int"}, "wdr": {"nan_ratio": 0.0, "max": 50, "min": 5, "mean": 25.18812584685548, "num_unique": 43, "percentiles": [5.0, 19.0, 21.0, 23.0, 24.0, 25.0, 26.0, 28.0, 29.0, 31.0, 50.0], "datatype": "int"}, "wast": {"nan_ratio": 0.0, "max": 40, "min": 1, "mean": 14.724462143494497, "num_unique": 38, "percentiles": [1.0, 9.0, 11.0, 12.0, 13.0, 14.0, 16.0, 17.0, 18.0, 20.0, 40.0], "datatype": "int"}, "wto": {"nan_ratio": 0.0, "max": 33, "min": 1, "mean": 13.31709574011038, "num_unique": 33, "percentiles": [1.0, 8.0, 10.0, 11.0, 12.0, 13.0, 14.0, 15.0, 17.0, 19.0, 33.0], "datatype": "int"}, "wstl": {"nan_ratio": 0.0, "max": 26, "min": 0, "mean": 7.215621798473181, "num_unique": 27, "percentiles": [0.0, 3.0, 4.0, 5.0, 6.0, 7.0, 8.0, 9.0, 10.0, 11.0, 26.0], "datatype": "int"}, "wblk": {"nan_ratio": 0.0, "max": 21, "min": 0, "mean": 3.8234244357050793, "num_unique": 21, "percentiles": [0.0, 1.0, 2.0, 2.0, 3.0, 3.0, 4.0, 5.0, 6.0, 7.0, 21.0], "datatype": "int"}, "wpf": {"nan_ratio": 0.0, "max": 41, "min": 4, "mean": 17.424567897154567, "num_unique": 38, "percentiles": [4.0, 12.0, 14.0, 15.0, 16.0, 17.0, 18.0, 19.0, 21.0, 23.0, 41.0], "datatype": "int"}, "lfgm": {"nan_ratio": 0.0, "max": 47, "min": 6, "mean": 22.320565782081363, "num_unique": 40, "percentiles": [6.0, 17.0, 19.0, 20.0, 21.0, 22.0, 23.0, 24.0, 26.0, 28.0, 47.0], "datatype": "int"}, "lfga": {"nan_ratio": 0.0, "max": 106, "min": 26, "mean": 55.88228295713672, "num_unique": 71, "percentiles": [26.0, 46.0, 49.0, 52.0, 54.0, 56.0, 57.0, 60.0, 62.0, 66.0, 106.0], "datatype": "int"}, "lfgm3": {"nan_ratio": 0.0, "max": 22, "min": 0, "mean": 5.822796523348425, "num_unique": 23, "percentiles": [0.0, 3.0, 3.0, 4.0, 5.0, 6.0, 6.0, 7.0, 8.0, 9.0, 22.0], "datatype": "int"}, "lfga3": {"nan_ratio": 0.0, "max": 54, "min": 1, "mean": 18.8277702501735, "num_unique": 52, "percentiles": [1.0, 12.0, 14.0, 16.0, 17.0, 18.0, 20.0, 22.0, 23.0, 26.0, 54.0], "datatype": "int"}, "lftm": {"nan_ratio": 0.0, "max": 42, "min": 0, "mean": 12.126045143593641, "num_unique": 42, "percentiles": [0.0, 6.0, 7.0, 9.0, 10.0, 12.0, 13.0, 15.0, 16.0, 19.0, 42.0], "datatype": "int"}, "lfta": {"nan_ratio": 0.0, "max": 61, "min": 0, "mean": 18.050084272447865, "num_unique": 59, "percentiles": [0.0, 9.0, 12.0, 14.0, 16.0, 18.0, 19.0, 21.0, 24.0, 27.0, 61.0], "datatype": "int"}, "lor": {"nan_ratio": 0.0, "max": 36, "min": 0, "mean": 11.430516540533395, "num_unique": 36, "percentiles": [0.0, 6.0, 8.0, 9.0, 10.0, 11.0, 12.0, 13.0, 15.0, 17.0, 36.0], "datatype": "int"}, "ldr": {"nan_ratio": 0.0, "max": 44, "min": 4, "mean": 21.172328893882813, "num_unique": 41, "percentiles": [4.0, 16.0, 17.0, 19.0, 20.0, 21.0, 22.0, 23.0, 25.0, 27.0, 44.0], "datatype": "int"}, "last": {"nan_ratio": 0.0, "max": 31, "min": 0, "mean": 11.427376978750123, "num_unique": 32, "percentiles": [0.0, 7.0, 8.0, 9.0, 10.0, 11.0, 12.0, 13.0, 15.0, 16.0, 31.0], "datatype": "int"}, "lto": {"nan_ratio": 0.0, "max": 41, "min": 0, "mean": 14.706517069301695, "num_unique": 41, "percentiles": [0.0, 9.0, 11.0, 12.0, 13.0, 14.0, 16.0, 17.0, 18.0, 21.0, 41.0], "datatype": "int"}, "lstl": {"nan_ratio": 0.0, "max": 22, "min": 0, "mean": 6.157606001520209, "num_unique": 23, "percentiles": [0.0, 3.0, 4.0, 5.0, 5.0, 6.0, 7.0, 7.0, 8.0, 10.0, 22.0], "datatype": "int"}, "lblk": {"nan_ratio": 0.0, "max": 18, "min": 0, "mean": 2.8590997719686704, "num_unique": 19, "percentiles": [0.0, 1.0, 1.0, 2.0, 2.0, 3.0, 3.0, 4.0, 4.0, 6.0, 18.0], "datatype": "int"}, "lpf": {"nan_ratio": 0.0, "max": 45, "min": 5, "mean": 19.8526223602895, "num_unique": 40, "percentiles": [5.0, 14.0, 16.0, 17.0, 19.0, 20.0, 21.0, 22.0, 24.0, 26.0, 45.0], "datatype": "int"}}, "tourney_slots": {"season": {"nan_ratio": 0.0, "max": 2014, "min": 1985, "mean": 1999.6398747390397, "num_unique": 30, "percentiles": [1985.0, 1988.0, 1991.0, 1994.0, 1997.0, 2000.0, 2003.0, 2006.0, 2009.0, 2012.0, 2014.0], "datatype": "int"}, "slot": {"nan_ratio": 0.0, "datatype": "categorical", "unique_vals": ["R1Z4", "R1W3", "R1Z1", "R2W4", "R2W2", "R3X2", "R3Z1", "R2Z4", "R1Z2", "R3W1", "R4Z1", "R1W8", "R4W1", "R5YZ", "R2Z2", "R1X5", "R2X2", "R1Y5", "R1Z6", "R1Y4", "R1X3", "R2X4", "R3Z2", "R1X7", "R1Y8", "R3Y1", "R2Z1", "R1Y3", "R1Z7", "R3Y2", "R1W1", "R2Y2", "R4X1", "R2Y3", "R1X4", "R1Y6", "R3X1", "R2W1", "R2W3", "R2Z3", "R1W4", "R5WX", "R1Z5", "R1W7", "R1Z8", "R1W2", "R2X3", "R2X1", "R1Y7", "R1Z3", "R1X8", "R1X1", "R1Y1", "R1X6", "R6CH", "R1Y2", "R1X2", "R2Y4", "R1W5", "R3W2", "R4Y1", "R1W6", "R2Y1", "Y16", "X16", "W16", "Z16", "Y11", "X12", "W12", "Z11", "Z14", "Z13", "Y12"], "num_unique": 74}, "strongseed": {"nan_ratio": 0.0, "datatype": "categorical", "unique_vals": ["W08", "W02", "R1Z1", "R2W2", "Y08", "X08", "R1W3", "R1Z2", "Z08", "R4W1", "W05", "X01", "R1X4", "W07", "Y02", "R3W1", "R2X2", "R1Y4", "Y04", "R1X3", "R1Y2", "R2Z2", "R3Z1", "R3Y1", "R2Z1", "R1Y3", "Y06", "X02", "Z01", "R2Y2", "W06", "W04", "X04", "R1Z4", "R2W1", "Y01", "X03", "Z06", "R3X1", "R1Z3", "Z04", "W03", "X07", "X05", "X06", "Z03", "R1W2", "W01", "Z07", "Y05", "R5WX", "R1W4", "R1Y1", "Y03", "R1X2", "R2Y1", "Z02", "R2X1", "Y07", "R4Y1", "R1X1", "Z05", "R1W1", "Y16a", "W16a", "X16a", "Z16a", "Y11a", "Z11a", "Z13a", "X12a", "Z14a", "W12a", "Y12a"], "num_unique": 74}, "weakseed": {"nan_ratio": 0.0, "datatype": "categorical", "unique_vals": ["R2X3", "R4Z1", "R1Z6", "R2W4", "R3X2", "W15", "R2Z4", "R2Y3", "R1W8", "Z11", "R5YZ", "R1X5", "R1X7", "R2Z3", "Z10", "X14", "R1Y5", "Y11", "Y09", "R2Y4", "R2X4", "R3Z2", "X12", "Y16", "W10", "R2W3", "R1Z7", "Z14", "R3Y2", "Z13", "X10", "R4X1", "Y12", "W09", "X15", "Z16", "W16", "Z09", "Y13", "R1X8", "X16", "R1Y7", "Y10", "W11", "X11", "R1W7", "Y15", "R1Z5", "X13", "R3W2", "Z12", "Z15", "R1X6", "R1W5", "R1Y8", "X09", "Y14", "R1W6", "W14", "R1Z8", "W12", "W13", "R1Y6", "Y16b", "X16b", "W16b", "Z16b", "Y11b", "Z14b", "W12b", "X12b", "Z11b", "Y12b", "Z13b"], "num_unique": 74}}, "tourney_compact_results": {"season": {"nan_ratio": 0.0, "max": 2014, "min": 1985, "mean": 1999.6398747390397, "num_unique": 30, "percentiles": [1985.0, 1988.0, 1991.0, 1994.0, 1997.0, 2000.0, 2003.0, 2006.0, 2009.0, 2012.0, 2014.0], "datatype": "int"}, "daynum": {"nan_ratio": 0.0, "max": 154, "min": 134, "mean": 139.17118997912317, "num_unique": 12, "percentiles": [134.0, 136.0, 136.0, 137.0, 137.0, 137.0, 138.0, 139.0, 143.0, 145.0, 154.0], "datatype": "int"}, "wteam": {"nan_ratio": 0.0, "max": 1462, "min": 1104, "mean": 1284.301670146138, "num_unique": 182, "percentiles": [1104.0, 1153.0, 1181.0, 1231.0, 1246.0, 1275.5, 1314.0, 1338.0, 1393.0, 1428.0, 1462.0], "datatype": "int"}, "wscore": {"nan_ratio": 0.0, "max": 149, "min": 43, "mean": 76.98382045929019, "num_unique": 78, "percentiles": [43.0, 62.0, 67.0, 71.0, 74.0, 76.0, 79.0, 82.0, 86.0, 93.0, 149.0], "datatype": "int"}, "lteam": {"nan_ratio": 0.0, "max": 1462, "min": 1102, "mean": 1291.3549060542798, "num_unique": 286, "percentiles": [1102.0, 1143.0, 1190.0, 1231.0, 1261.0, 1285.5, 1328.0, 1357.0, 1400.0, 1433.0, 1462.0], "datatype": "int"}, "lscore": {"nan_ratio": 0.0, "max": 115, "min": 29, "mean": 65.26304801670146, "num_unique": 73, "percentiles": [29.0, 52.0, 56.0, 59.0, 62.0, 65.0, 68.0, 71.0, 74.0, 80.0, 115.0], "datatype": "int"}, "wloc": {"nan_ratio": 0.0, "datatype": "categorical", "unique_vals": ["N"], "num_unique": 1}, "numot": {"nan_ratio": 0.0, "max": 3, "min": 0, "mean": 0.0709812108559499, "num_unique": 4, "percentiles": [0.0, 0.0, 0.0, 0.0, 0.0, 0.0, 0.0, 0.0, 0.0, 0.0, 3.0], "datatype": "int"}}, "teams": {"team_id": {"nan_ratio": 0.0, "max": 1464, "min": 1101, "mean": 1282.5, "num_unique": 364, "percentiles": [1101.0, 1137.3, 1173.6, 1209.9, 1246.2, 1282.5, 1318.8, 1355.1, 1391.4, 1427.7, 1464.0], "datatype": "int"}, "team_name": {"nan_ratio": 0.0, "datatype": "categorical", "unique_vals": ["Arizona", "Boise St", "Bryant", "SE Missouri St", "Lamar", "Radford", "W Texas A&M", "Texas Tech", "William & Mary", "Arizona St", "Xavier", "Maryland", "Missouri", "CS Fullerton", "TX Pan American", "Davidson", "C Michigan", "Delaware St", "North Dakota", "Iona", "Niagara", "Buffalo", "E Washington", "VA Commonwealth", "St Joseph's PA", "Colgate", "Ohio", "Hartford", "Sacred Heart", "Clemson", "Denver", "Oral Roberts", "Presbyterian", "UAB", "Colorado", "Southern Univ", "Northern Iowa", "Hampton", "ETSU", "Tennessee St", "Robert Morris", "Morris Brown", "Chattanooga", "St Mary's CA", "Connecticut", "Ark Little Rock", "WI Green Bay", "Canisius", "S Carolina St", "SE Louisiana", "E Kentucky", "Iowa St", "Alcorn St", "Troy", "Purdue", "Drake", "Northwestern LA", "Holy Cross", "Howard", "Marshall", "Vermont", "UC Davis", "Indiana", "W Michigan", "Evansville", "Ohio St", "Oklahoma", "North Florida", "TN Martin", "Ball St", "Utah", "NE Omaha", "Lafayette", "Wichita St", "SC Upstate", "Virginia Tech", "Edwardsville", "Wisconsin", "Utah Valley", "W Carolina", "Gardner Webb", "UTEP", "Gonzaga", "Florida", "Hawaii", "Louisville", "SF Austin", "NE Illinois", "Mt St Mary's", "MS Valley St", "Penn St", "Richmond", "Siena", "W Illinois", "Savannah St", "Georgia", "Dartmouth", "Loyola-Chicago", "SMU", "Santa Clara", "Longwood", "LSU", "Morehead St", "Navy", "Miami OH", "Pepperdine", "Florida St", "CS Bakersfield", "UT San Antonio", "California", "Long Beach St", "Sam Houston St", "Alabama St", "Brooklyn", "Coastal Car", "South Carolina", "Oregon", "Florida Intl", "Pacific", "Mississippi", "San Jose St", "Toledo", "Monmouth NJ", "Furman", "Valparaiso", "Michigan", "Stony Brook", "Villanova", "Pittsburgh", "Murray St", "Jacksonville St", "MTSU", "W Salem St", "New Mexico", "Harvard", "Southern Utah", "Armstrong St", "Detroit", "North Texas", "New Mexico St", "Columbia", "Lehigh", "Drexel", "Houston Bap", "Michigan St", "Coppin St", "Austin Peay", "Rice", "Cincinnati", "MD E Shore", "Creighton", "Notre Dame", "Louisiana Tech", "UNLV", "Oakland", "UT Arlington", "Incarnate Word", "IUPUI", "American Univ", "Col Charleston", "UNC Wilmington", "Baylor", "Cal Poly SLO", "Oklahoma St", "DePaul", "Mississippi St", "Kennesaw", "Wagner", "Hofstra", "Akron", "St Francis PA", "G Washington", "Campbell", "Northern Arizona", "Belmont", "UCF", "Montana", "Wyoming", "Manhattan", "NC Central", "St Louis", "Central Conn", "Towson", "Providence", "Bucknell", "Norfolk St", "Okla City", "North Carolina", "VMI", "Seton Hall", "Cleveland St", "Alliant Intl", "Birmingham So", "Fresno St", "Appalachian St", "Duquesne", "McNeese St", "Jackson St", "Wofford", "Cent Arkansas", "Massachusetts", "New Hampshire", "New Orleans", "Santa Barbara", "Stetson", "Delaware", "Albany NY", "High Point", "Utica", "Long Island", "UNC Greensboro", "Minnesota", "Arkansas St", "Vanderbilt", "F Dickinson", "St John's", "Alabama A&M", "ULM", "N Illinois", "NJIT", "Bethune-Cookman", "Rhode Island", "Iowa", "USC", "Indiana St", "Wright St", "Augusta", "Memphis", "Kent", "Hardin-Simmons", "Army", "Rutgers", "Maine", "South Alabama", "Air Force", "Charlotte", "S Illinois", "George Mason", "South Florida", "MA Lowell", "Alabama", "UMBC", "Syracuse", "UC Irvine", "Texas", "Portland", "Nebraska", "Jacksonville", "Northeastern", "Duke", "Bowling Green", "UCLA", "Miami FL", "St Peter's", "Bradley", "San Diego St", "CS Northridge", "Temple", "Grambling", "Idaho St", "Abilene Chr", "W Kentucky", "Northwestern", "Southern Miss", "S Dakota St", "E Michigan", "Ark Pine Bluff", "Penn", "UC Riverside", "Centenary", "Georgetown", "TAM C. Christi", "Kansas", "La Salle", "Seattle", "Brown", "IPFW", "Fordham", "Quinnipiac", "Binghamton", "Arkansas", "Cornell", "IL Chicago", "Rider", "Boston College", "N Kentucky", "Loyola MD", "N Colorado", "Auburn", "Missouri St", "Liberty", "NC A&T", "Idaho", "Colorado St", "E Illinois", "Texas St", "Nicholls St", "BYU", "Missouri KC", "Stanford", "Boston Univ", "Georgia Tech", "TCU", "Utah St", "Chicago St", "FL Gulf Coast", "CS Sacramento", "Nevada", "Grand Canyon", "Montana St", "Butler", "Oregon St", "Marist", "Elon", "West Virginia", "Georgia St", "Winthrop", "TX Southern", "East Carolina", "Marquette", "N Dakota St", "San Diego", "James Madison", "Morgan St", "St Bonaventure", "St Francis NY", "Old Dominion", "Yale", "Youngstown St", "Fairfield", "Princeton", "Ga Southern", "Texas A&M", "Prairie View", "Citadel", "Charleston So", "Loy Marymount", "South Dakota", "Illinois", "Tennessee", "Mercer", "UNC Asheville", "Houston", "ULL", "Washington St", "Portland St", "FL Atlantic", "Dayton", "Kansas St", "Tulsa", "NC State", "Samford", "Washington", "Florida A&M", "WI Milwaukee", "Wake Forest", "Illinois St", "Weber St", "Tennessee Tech", "Tulane", "Kentucky", "Virginia", "San Francisco", "Lipscomb"], "num_unique": 364}}}