{"name": "tournament", "csv_kwargs": {"sep": "\t"}, "db_load_kwargs": {"postgres": "DELIMITER '\t' QUOTE '\"' ESCAPE '\\' NULL 'NULL' CSV HEADER;"}, "tables": ["regular_season_compact_results", "tourney_detailed_results", "seasons", "target", "tourney_seeds", "regular_season_detailed_results", "tourney_slots", "tourney_compact_results", "teams"], "relationships": [["regular_season_compact_results", ["season"], "seasons", ["season"]], ["regular_season_detailed_results", ["season"], "seasons", ["season"]], ["regular_season_detailed_results", ["wteam"], "teams", ["team_id"]], ["target", ["team_id1"], "teams", ["team_id"]], ["tourney_compact_results", ["wteam"], "teams", ["team_id"]], ["tourney_detailed_results", ["wteam"], "teams", ["team_id"]], ["tourney_seeds", ["team"], "teams", ["team_id"]], ["tourney_slots", ["season"], "seasons", ["season"]]]}