{"regular_season_compact_results": {"wloc": {"freq_str_words": ["N", "H", "A"]}}, "tourney_detailed_results": {"wloc": {"freq_str_words": ["N"]}}, "seasons": {"dayzero": {"freq_str_words": ["00:00:00"]}, "regionW": {"freq_str_words": ["East", "Atlanta"]}, "regionX": {"freq_str_words": ["West", "Midwest", "Southeast", "South"]}, "regionY": {"freq_str_words": ["Midwest", "Southeast", "South"]}, "regionZ": {"freq_str_words": ["Southeast", "West", "South"]}}, "target": {}, "tourney_seeds": {"seed": {"freq_str_words": ["W11", "Z13", "X15", "X13", "Z15", "X12", "X07", "Y05", "X02", "Z06", "Z07", "X04", "Z05", "X09", "W05", "Y02", "Y10", "X08", "X05", "X10", "Z16", "W16", "Y15", "W15", "W14", "X14", "Z09", "Z10", "Z01", "X01", "Z02", "Z03", "W09", "X03", "Y08", "Y12", "X06", "Y13", "Y11", "Y03", "W04", "Y01", "W12", "Z04", "X11", "Z11", "Z08", "Y07", "W10", "Y14", "W13", "Y09", "Z12", "Z14", "W03", "Y04", "W07", "W08", "X16", "W06", "Y06", "Y16", "W02", "W01"]}}, "regular_season_detailed_results": {"wloc": {"freq_str_words": ["N", "H", "A"]}}, "tourney_slots": {"slot": {"freq_str_words": ["R1W1", "R1W2", "R1W3", "R1W4", "R1W5", "R1W6", "R1W7", "R1W8", "R1X1", "R1X2", "R1X3", "R1X4", "R1X5", "R1X6", "R1X7", "R1X8", "R1Y1", "R1Y2", "R1Y3", "R1Y4", "R1Y5", "R1Y6", "R1Y7", "R1Y8", "R1Z1", "R1Z2", "R1Z3", "R1Z4", "R1Z5", "R1Z6", "R1Z7", "R1Z8", "R2W1", "R2W2", "R2W3", "R2W4", "R2X1", "R2X2", "R2X3", "R2X4", "R2Y1", "R2Y2", "R2Y3", "R2Y4", "R2Z1", "R2Z2", "R2Z3", "R2Z4", "R3W1", "R3W2", "R3X1", "R3X2", "R3Y1", "R3Y2", "R3Z1", "R3Z2", "R4W1", "R4X1", "R4Y1", "R4Z1", "R5WX", "R5YZ", "R6CH"]}, "strongseed": {"freq_str_words": ["W01", "W02", "W03", "W04", "W05", "W06", "W07", "W08", "X01", "X02", "X03", "X04", "X05", "X06", "X07", "X08", "Y01", "Y02", "Y03", "Y04", "Y05", "Y06", "Y07", "Y08", "Z01", "Z02", "Z03", "Z04", "Z05", "Z06", "Z07", "Z08", "R1W1", "R1W2", "R1W3", "R1W4", "R1X1", "R1X2", "R1X3", "R1X4", "R1Y1", "R1Y2", "R1Y3", "R1Y4", "R1Z1", "R1Z2", "R1Z3", "R1Z4", "R2W1", "R2W2", "R2X1", "R2X2", "R2Y1", "R2Y2", "R2Z1", "R2Z2", "R3W1", "R3X1", "R3Y1", "R3Z1", "R4W1", "R4Y1", "R5WX"]}, "weakseed": {"freq_str_words": ["W16", "W15", "W14", "W13", "W12", "W11", "W10", "W09", "X16", "X15", "X14", "X13", "X12", "X11", "X10", "X09", "Y16", "Y15", "Y14", "Y13", "Y12", "Y11", "Y10", "Y09", "Z16", "Z15", "Z14", "Z13", "Z12", "Z11", "Z10", "Z09", "R1W8", "R1W7", "R1W6", "R1W5", "R1X8", "R1X7", "R1X6", "R1X5", "R1Y8", "R1Y7", "R1Y6", "R1Y5", "R1Z8", "R1Z7", "R1Z6", "R1Z5", "R2W4", "R2W3", "R2X4", "R2X3", "R2Y4", "R2Y3", "R2Z4", "R2Z3", "R3W2", "R3X2", "R3Y2", "R3Z2", "R4X1", "R4Z1", "R5YZ"]}}, "tourney_compact_results": {"wloc": {"freq_str_words": ["N"]}}, "teams": {"team_name": {"freq_str_words": ["Alabama", "A&M", "St", "Michigan", "CS", "E", "Illinois", "Kentucky", "Washington", "Carolina", "Florida", "Southern", "Tech", "Missouri", "N", "Dakota", "New", "North", "Texas", "San", "South", "Utah", "W"]}}}