{"name": "airline", "csv_kwargs": {"sep": "\t"}, "db_load_kwargs": {"postgres": "DELIMITER '\t' QUOTE '\"' ESCAPE '\\' NULL '' CSV HEADER;"}, "tables": ["L_AIRLINE_ID", "L_AIRPORT", "L_AIRPORT_ID", "L_AIRPORT_SEQ_ID", "L_ONTIME_DELAY_GROUPS", "L_CITY_MARKET_ID", "L_DISTANCE_GROUP_250", "L_DIVERSIONS", "L_MONTHS", "L_QUARTERS", "L_STATE_ABR_AVIATION", "L_STATE_FIPS", "L_UNIQUE_CARRIERS", "L_WEEKDAYS", "L_WORLD_AREA_CODES", "On_Time_On_Time_Performance_2016_1"], "relationships": [["On_Time_On_Time_Performance_2016_1", "Quarter", "L_QUARTERS", "Code"], ["On_Time_On_Time_Performance_2016_1", "Month", "L_MONTHS", "Code"], ["On_Time_On_Time_Performance_2016_1", "DayOfWeek", "L_WEEKDAYS", "Code"], ["On_Time_On_Time_Performance_2016_1", "UniqueCarrier", "L_UNIQUE_CARRIERS", "Code"], ["On_Time_On_Time_Performance_2016_1", "AirlineID", "L_AIRLINE_ID", "Code"], ["On_Time_On_Time_Performance_2016_1", "OriginAirportID", "L_AIRPORT_ID", "Code"], ["On_Time_On_Time_Performance_2016_1", "DestAirportID", "L_AIRPORT_ID", "Code"], ["On_Time_On_Time_Performance_2016_1", "Div1AirportID", "L_AIRPORT_ID", "Code"], ["On_Time_On_Time_Performance_2016_1", "Div2AirportID", "L_AIRPORT_ID", "Code"], ["On_Time_On_Time_Performance_2016_1", "OriginAirportSeqID", "L_AIRPORT_SEQ_ID", "Code"], ["On_Time_On_Time_Performance_2016_1", "DestAirportSeqID", "L_AIRPORT_SEQ_ID", "Code"], ["On_Time_On_Time_Performance_2016_1", "Div1AirportSeqID", "L_AIRPORT_SEQ_ID", "Code"], ["On_Time_On_Time_Performance_2016_1", "Div2AirportSeqID", "L_AIRPORT_SEQ_ID", "Code"], ["On_Time_On_Time_Performance_2016_1", "OriginCityMarketID", "L_CITY_MARKET_ID", "Code"], ["On_Time_On_Time_Performance_2016_1", "DestCityMarketID", "L_CITY_MARKET_ID", "Code"], ["On_Time_On_Time_Performance_2016_1", "Div1Airport", "L_AIRPORT", "Code"], ["On_Time_On_Time_Performance_2016_1", "Div2Airport", "L_AIRPORT", "Code"], ["On_Time_On_Time_Performance_2016_1", "OriginState", "L_STATE_ABR_AVIATION", "Code"], ["On_Time_On_Time_Performance_2016_1", "DestState", "L_STATE_ABR_AVIATION", "Code"], ["On_Time_On_Time_Performance_2016_1", "OriginStateFips", "L_STATE_FIPS", "Code"], ["On_Time_On_Time_Performance_2016_1", "DestStateFips", "L_STATE_FIPS", "Code"], ["On_Time_On_Time_Performance_2016_1", "OriginWac", "L_WORLD_AREA_CODES", "Code"], ["On_Time_On_Time_Performance_2016_1", "DestWac", "L_WORLD_AREA_CODES", "Code"], ["On_Time_On_Time_Performance_2016_1", "DepartureDelayGroups", "L_ONTIME_DELAY_GROUPS", "Code"], ["On_Time_On_Time_Performance_2016_1", "ArrivalDelayGroups", "L_ONTIME_DELAY_GROUPS", "Code"], ["On_Time_On_Time_Performance_2016_1", "Diverted", "L_DIVERSIONS", "Code"], ["On_Time_On_Time_Performance_2016_1", "DistanceGroup", "L_DISTANCE_GROUP_250", "Code"]]}