{"L_AIRLINE_ID": {"Description": {"freq_str_words": ["International", "Inc.:", "Airlines", "Airlines:", "Air", "American", "Service:", "Island", "Airways", "Trans", "Express:", "Flying", "Cargo", "Express", "Aviation", "Inc.", "(1):", "Air:", "Pacific", "Aero", "Aviation:", "Airways:", "Ltd.:", "International:", "(1)", "De", "Jet", "S.A.:", "Limited:", "d/b/a"]}}, "L_AIRPORT": {"Description": {"freq_str_words": ["Lake,", "AK:", "Lake", "Airport", "Bay", "Base", "Island,", "Island", "NY:", "County", "TX:", "Municipal", "Bay,", "Port", "International", "Australia:", "FL:", "Regional", "Field", "Germany:", "Brazil:", "South", "United", "Kingdom:", "Mexico:", "CA:", "City,", "Papua", "New", "Guinea:", "Colombia:", "San", "Fort", "France:", "India:", "Japan:", "Santa", "St.", "WA:", "de", "Canada:", "China:"]}}, "L_AIRPORT_ID": {"Description": {"freq_str_words": ["Lake,", "AK:", "Lake", "Airport", "Bay", "Island,", "Island", "NY:", "County", "TX:", "Municipal", "Bay,", "Port", "International", "Australia:", "FL:", "Regional", "Field", "Germany:", "Brazil:", "South", "United", "Kingdom:", "Mexico:", "CA:", "City,", "Papua", "New", "Guinea:", "Colombia:", "San", "Fort", "France:", "India:", "Japan:", "St.", "WA:", "de", "China:", "Canada:"]}}, "L_AIRPORT_SEQ_ID": {"Description": {"freq_str_words": ["AK:", "Lake", "Airport", "Bay", "Island,", "Island", "County", "TX:", "Municipal", "Bay,", "Port", "International", "Australia:", "FL:", "Regional", "Field", "Germany:", "Brazil:", "South", "United", "Russia:", "Kingdom:", "Mexico:", "CA:", "City,", "City", "Papua", "New", "Guinea:", "Colombia:", "AFB", "San", "Fort", "France:", "India:", "Japan:", "St.", "WA:", "de", "China:", "Canada:"]}}, "L_ONTIME_DELAY_GROUPS": {"Description": {"freq_str_words": ["Delay", "-15", "minutes", "between", "and", "to"]}}, "L_CITY_MARKET_ID": {"Description": {"freq_str_words": ["Lake,", "AK", "Island,", "TX", "Bay,", "Australia", "FL", "Germany", "Brazil", "South", "United", "Russia", "Kingdom", "Mexico", "CA", "City,", "Papua", "New", "Guinea", "Colombia", "Argentina", "France", "India", "Japan", "WA", "China", "Canada"]}}, "L_DISTANCE_GROUP_250": {"Description": {"freq_str_words": ["Miles"]}}, "L_DIVERSIONS": {"Description": {"freq_str_words": ["Flight", "Diverted", "Airport", "Landings"]}}, "L_MONTHS": {}, "L_QUARTERS": {"Description": {"freq_str_words": ["31", "30"]}}, "L_STATE_ABR_AVIATION": {"Description": {"freq_str_words": ["Canada", "New", "North", "Carolina", "Dakota", "and", "Territory,", "South", "U.S.", "Virginia"]}}, "L_STATE_FIPS": {"Description": {"freq_str_words": ["U.S.", "Minor", "Outlying", "Islands", "New", "North", "Carolina", "Dakota", "Island", "South", "Virginia", "(Fips", "Pub", "55-3)", "States", "Of", "Atoll"]}}, "L_UNIQUE_CARRIERS": {"Code": {"freq_str_words": ["(1)"]}, "Description": {"freq_str_words": ["Airways", "Aviation", "Ltd.", "Airlines", "LLC", "Island", "d/b/a", "Air", "Inc.", "Flying", "Service", "Limited", "Services", "Transport", "International", "Jet", "Express", "Pacific", "Trans", "Lines", "Cargo", "De", "(1)", "S.A.", "American", "Commuter", "Aero"]}}, "L_WEEKDAYS": {}, "L_WORLD_AREA_CODES": {"Description": {"freq_str_words": ["Islands", "and", "New", "Island", "of", "North", "South", "Republic", "Saint", "St.", "Part)"]}}, "On_Time_On_Time_Performance_2016_1": {"FlightDate": {"freq_str_words": ["2019-10-02", "2019-10-03", "2019-10-04", "2019-10-05", "2019-10-06", "2019-10-07", "2019-10-08", "2019-10-09", "2019-10-10", "2019-10-11", "2019-10-12", "2019-10-13", "2019-10-14", "2019-10-15", "2019-10-16", "2019-10-17", "2019-10-18", "2019-10-19", "2019-10-20", "2019-10-21", "2019-10-22", "2019-10-23", "2019-10-24", "2019-10-25", "2019-10-26", "2019-10-27", "2019-10-28", "2019-10-29", "2019-10-30", "2019-10-31", "2019-10-01"]}, "UniqueCarrier": {"freq_str_words": ["EV", "MQ", "HA", "G4", "9E", "YV", "WN"]}, "Carrier": {"freq_str_words": ["EV", "MQ", "HA", "G4", "9E", "YV", "WN"]}, "Origin": {"freq_str_words": ["ORD", "CVG", "EWR", "ATL", "IAH", "MSP", "LGA", "DTW", "DFW", "JFK", "MIA", "HNL", "LAS", "OGG", "PHX", "IAD"]}, "OriginCityName": {"freq_str_words": ["MI", "OH", "TN", "WI", "Chicago,", "IL", "LA", "Cincinnati,", "Newark,", "NJ", "GA", "Atlanta,", "City,", "IA", "Houston,", "TX", "VA", "IN", "AL", "NY", "FL", "MO", "Washington,", "DC", "Minneapolis,", "MN", "New", "York,", "NC", "Detroit,", "PA", "St.", "AR", "Dallas/Fort", "Worth,", "Miami,", "CA", "Honolulu,", "HI", "Las", "Vegas,", "NV", "Kahului,", "Phoenix,", "AZ"]}, "OriginState": {"freq_str_words": ["MI", "OH", "TN", "WI", "IL", "LA", "KY", "NJ", "GA", "IA", "TX", "VA", "IN", "AL", "NY", "FL", "MO", "MN", "NC", "PA", "AR", "CA", "HI", "NV", "AZ"]}, "OriginStateName": {"freq_str_words": ["Michigan", "Ohio", "Tennessee", "Wisconsin", "Illinois", "Louisiana", "Kentucky", "New", "Jersey", "Georgia", "Iowa", "Texas", "Virginia", "Indiana", "Alabama", "York", "Florida", "Missouri", "Minnesota", "North", "Carolina", "South", "Pennsylvania", "Arkansas", "California", "Hawaii", "Nevada", "Arizona"]}, "Dest": {"freq_str_words": ["ORD", "IAH", "EWR", "DTW", "MSP", "LGA", "CVG", "ATL", "DFW", "MIA", "JFK", "HNL", "LAS", "OGG", "PHX", "IAD"]}, "DestCityName": {"freq_str_words": ["Chicago,", "IL", "Houston,", "TX", "Newark,", "NJ", "MN", "OH", "Detroit,", "MI", "Minneapolis,", "NY", "LA", "WI", "TN", "FL", "NC", "New", "York,", "AL", "VA", "City,", "MO", "Cincinnati,", "IN", "IA", "PA", "Washington,", "DC", "AR", "GA", "Atlanta,", "St.", "Dallas/Fort", "Worth,", "Miami,", "CA", "Honolulu,", "HI", "Las", "Vegas,", "NV", "Kahului,", "Phoenix,", "AZ"]}, "DestState": {"freq_str_words": ["IL", "TX", "NJ", "MN", "OH", "MI", "NY", "LA", "WI", "TN", "FL", "NC", "AL", "VA", "MO", "KY", "IN", "IA", "PA", "AR", "GA", "CA", "HI", "NV", "AZ"]}, "DestStateName": {"freq_str_words": ["Illinois", "Texas", "New", "Jersey", "Minnesota", "Ohio", "South", "Carolina", "Michigan", "York", "Louisiana", "Wisconsin", "Tennessee", "Florida", "North", "Alabama", "Virginia", "Missouri", "Kentucky", "Indiana", "Iowa", "Pennsylvania", "Arkansas", "Georgia", "California", "Hawaii", "Nevada", "Arizona"]}, "DepTimeBlk": {"freq_str_words": ["0600-0659", "0700-0759", "1800-1859", "1600-1659", "1500-1559", "1200-1259", "1000-1059", "1700-1759", "1100-1159", "0900-0959", "0800-0859", "2100-2159", "2000-2059", "1400-1459", "1300-1359", "1900-1959", "0001-0559", "2200-2259"]}, "ArrTimeBlk": {"freq_str_words": ["0600-0659", "0800-0859", "1000-1059", "2000-2059", "1900-1959", "1700-1759", "1300-1359", "1100-1159", "1800-1859", "0900-0959", "2300-2359", "2200-2259", "1400-1459", "1500-1559", "1200-1259", "0700-0759", "2100-2159", "1600-1659"]}}}