{"probehnuto": {"client_id": {"nan_ratio": 0.0002250221944383268, "max": 9806397.0, "min": 3901.0, "mean": 2653269.1113508544, "num_unique": 71724, "percentiles": [3901.0, 23464.0, 50513.0, 71638.0, 91733.0, 108461.0, 1012921.0, 1652465.0, 8661274.0, 9680252.0, 9806397.0], "datatype": "float"}, "month_year_datum_transakce": {"nan_ratio": 0.0, "datatype": "categorical", "unique_vals": ["2014-09-01", "2014-04-01", "2014-05-01", "2014-06-01", "2014-07-01", "2014-08-01", "2014-10-01", "2014-11-01", "2015-05-01", "2015-04-01", "2015-06-01", "2015-03-01", "2014-12-01", "2015-01-01", "2015-02-01", "2015-10-01", "2015-07-01", "2015-09-01", "2015-08-01", "2014-03-01", "2013-11-01", "2013-12-01", "2013-10-01", "2014-01-01", "2014-02-01", "2013-08-01", "2013-09-01", "2013-07-01", "2013-06-01", "2013-05-01", "2013-04-01", "2013-03-01", "2013-02-01", "2012-11-01", "2012-10-01", "2013-01-01", "2012-12-01", "2012-08-01", "2012-09-01"], "num_unique": 39}, "sluzba": {"nan_ratio": 0.01532544775312945, "datatype": "categorical", "unique_vals": ["d", "h", "a", "e", "b", "g", "c", "f"], "num_unique": 9}, "kc_proklikano": {"nan_ratio": 0.0, "max": 21364839.46, "min": -133694.92, "mean": 8463.282211332087, "num_unique": 39540, "percentiles": [-133694.92, 103.62, 367.38, 869.78, 1478.94, 2059.84, 3108.6, 4867.0, 8179.7, 15929.22, 21364839.46], "datatype": "float"}}, "dobito": {"client_id": {"nan_ratio": 0.0004509818777442247, "max": 9806397.0, "min": 3904.0, "mean": 3040678.306764532, "num_unique": 70433, "percentiles": [3904.0, 27916.0, 58594.0, 80627.0, 101208.0, 877224.0, 1124875.0000000012, 4295262.0, 8732440.0, 9702168.0, 9806397.0], "datatype": "float"}, "month_year_datum_transakce": {"nan_ratio": 0.0, "datatype": "categorical", "unique_vals": ["2014-03-01", "2014-10-01", "2015-10-01", "2015-03-01", "2015-09-01", "2014-11-01", "2015-06-01", "2015-04-01", "2015-05-01", "2014-12-01", "2015-02-01", "2015-01-01", "2014-09-01", "2015-07-01", "2015-08-01", "2014-05-01", "2014-07-01", "2014-04-01", "2014-08-01", "2014-06-01", "2013-11-01", "2013-10-01", "2014-02-01", "2013-09-01", "2013-06-01", "2014-01-01", "2013-12-01", "2013-07-01", "2013-05-01", "2013-08-01", "2013-03-01", "2013-04-01", "2013-02-01", "2012-11-01", "2012-10-01", "2012-08-01", "2013-01-01", "2012-09-01", "2012-12-01"], "num_unique": 39}, "sluzba": {"nan_ratio": 0.0, "datatype": "categorical", "unique_vals": ["d", "h", "a", "e", "c", "g", "b", "f"], "num_unique": 8}, "kc_dobito": {"nan_ratio": 0.0, "max": 34540000.0, "min": -31626074.0, "mean": 22198.8292709427, "num_unique": 18830, "percentiles": [-31626074.0, 1296.82, 2593.64, 3890.46, 6280.0, 7784.06, 12581.980000000181, 15700.0, 25948.96, 44374.48, 34540000.0], "datatype": "float"}}, "client": {"client_id": {"nan_ratio": 0.0, "max": 9806397, "min": 3901, "mean": 3345270.789902923, "num_unique": 73447, "percentiles": [3901.0, 32505.6, 62746.8, 85684.8, 105446.8, 960362.0, 1172133.000000001, 8633866.6, 9596949.2, 9729621.4, 9806397.0], "datatype": "int"}, "kraj": {"nan_ratio": 0.019251977616512587, "datatype": "categorical", "unique_vals": ["Praha", "Jihomoravsk\u00fd kraj", "St\u0159edo\u010desk\u00fd kraj", "Moravskoslezsk\u00fd kraj", "Jiho\u010desk\u00fd kraj", "Plze\u0148sk\u00fd kraj", "Olomouck\u00fd kraj", "Kr\u00e1lov\u00e9hradeck\u00fd kraj", "\u00dasteck\u00fd kraj", "Zl\u00ednsk\u00fd kraj", "Pardubick\u00fd kraj", "Libereck\u00fd kraj", "Vyso\u010dina", "Karlovarsk\u00fd kraj"], "num_unique": 15}, "obor": {"nan_ratio": 0.06064236796601631, "datatype": "categorical", "unique_vals": ["Hermina", "Ozzy", "Pink", "Floyd", "Gabriel", "Anezka", "Zora", "Vladan", "Erika", "Richard", "Radek", "Vilma", "Sonja", "Josef", "Leona", "Baltazar", "Herbert", "Blazej", "Robin", "Andela", "Matyas", "Bozena", "Tony", "Alice", "Zdenek", "Otylie", "Veronika", "Dita", "Hugo", "Gabriela", "Eduard", "Miroslav", "Bohdana", "Dorota", "Lenka", "Mojmir", "David", "Ringo", "Kvido", "Bedrich", "Ema", "Dusan", "Vlastislav", "Valerie", "Eleonora", "Milos", "Emanuel", "Irena", "Patrik", "Svatopluk", "Michal", "Petr"], "num_unique": 53}}, "probehnuto_mimo_penezenku": {"client_id": {"nan_ratio": 0.0, "max": 9805032, "min": 3901, "mean": 1540462.8606190335, "num_unique": 40282, "percentiles": [3901.0, 16830.0, 34438.0, 52816.0, 69717.0, 86377.0, 102295.0, 900912.0, 1306767.0, 8658824.0, 9805032.0], "datatype": "int"}, "Month/Year": {"nan_ratio": 0.0, "datatype": "categorical", "unique_vals": ["2013-03-01", "2013-04-01", "2013-05-01", "2013-06-01", "2013-02-01", "2013-01-01", "2012-12-01", "2012-11-01", "2012-10-01", "2012-09-01", "2012-08-01", "2013-07-01", "2013-09-01", "2013-08-01", "2013-10-01", "2013-11-01", "2013-12-01", "2014-01-01", "2014-02-01", "2014-03-01", "2015-10-01", "2014-11-01", "2014-10-01", "2014-12-01", "2015-09-01", "2014-09-01", "2015-04-01", "2015-03-01", "2015-05-01", "2015-06-01", "2015-01-01", "2015-02-01", "2014-08-01", "2015-08-01", "2015-07-01", "2014-07-01", "2014-06-01", "2014-05-01", "2014-04-01"], "num_unique": 39}, "probehla_inzerce_mimo_penezenku": {"nan_ratio": 0.0, "datatype": "categorical", "unique_vals": ["ANO"], "num_unique": 1}}}