{"probehnuto": {"month_year_datum_transakce": {"freq_str_words": ["2015-10-01", "2015-01-01", "2015-02-01", "2015-08-01", "2015-05-01", "2015-09-01", "2015-07-01", "2015-06-01", "2015-04-01", "2015-03-01"]}, "sluzba": {"freq_str_words": ["h", "a"]}}, "dobito": {"month_year_datum_transakce": {"freq_str_words": ["2015-10-01", "2015-08-01", "2014-11-01", "2013-05-01", "2014-07-01", "2015-06-01", "2015-05-01", "2015-07-01", "2015-04-01", "2013-12-01", "2013-08-01", "2014-01-01", "2013-11-01", "2013-09-01", "2015-02-01", "2013-04-01", "2013-06-01", "2015-03-01", "2014-09-01", "2014-06-01", "2015-01-01", "2014-05-01", "2014-02-01", "2014-03-01", "2014-12-01", "2013-07-01", "2014-08-01", "2014-04-01", "2014-10-01", "2013-03-01", "2015-09-01", "2013-10-01"]}, "sluzba": {"freq_str_words": ["c", "a", "h"]}}, "client": {"kraj": {"freq_str_words": ["Vyso\u010dina", "Jihomoravsk\u00fd", "kraj", "Zl\u00ednsk\u00fd", "\u00dasteck\u00fd", "Kr\u00e1lov\u00e9hradeck\u00fd", "Praha", "Plze\u0148sk\u00fd", "Libereck\u00fd", "Olomouck\u00fd", "St\u0159edo\u010desk\u00fd", "Pardubick\u00fd", "Moravskoslezsk\u00fd", "Jiho\u010desk\u00fd", "Karlovarsk\u00fd"]}, "obor": {"freq_str_words": ["Vilma", "Leona", "Vladan", "Sonja", "Bohdana", "Anezka", "Veronika", "Radek", "Ozzy", "Alice", "Pink", "Herbert", "Matyas", "Gabriel", "Baltazar", "Tony", "Floyd", "Robin", "Otylie", "Zora", "Richard", "Dita", "Bozena", "Erika", "Miroslav", "Gabriela", "Josef", "Hermina", "Blazej", "Zdenek", "Hugo", "Andela", "Eduard"]}}, "probehnuto_mimo_penezenku": {"Month/Year": {"freq_str_words": ["2012-08-01", "2012-09-01", "2012-10-01", "2012-11-01", "2012-12-01", "2013-01-01", "2013-02-01", "2013-03-01", "2013-04-01", "2013-05-01", "2013-06-01", "2013-07-01", "2013-08-01", "2013-09-01", "2013-10-01", "2013-11-01", "2013-12-01", "2014-01-01", "2014-02-01", "2014-03-01"]}, "probehla_inzerce_mimo_penezenku": {"freq_str_words": ["ANO"]}}}