{"name": "ssb", "csv_kwargs": {"escapechar": "\\", "encoding": "utf-8", "quotechar": "\"", "error_bad_lines": false, "sep": "|"}, "db_load_kwargs": {"postgres": "DELIMITER '|' QUOTE '\"' ESCAPE '\\' NULL '' CSV HEADER;"}, "tables": ["customer", "part", "supplier", "lineorder", "dim_date"], "relationships": [["lineorder", "lo_orderdate", "dim_date", "d_datekey"], ["lineorder", "lo_custkey", "customer", "c_custkey"], ["lineorder", "lo_partkey", "part", "p_partkey"], ["lineorder", "lo_suppkey", "supplier", "s_suppkey"]]}