{"customer": {"c_address": {"freq_str_words": [""]}, "c_city": {"freq_str_words": ["MOROCCO", "", "0", "JORDAN", "1", "EGYPT", "4", "CANADA", "5", "SAUDI", "CHINA", "PERU", "6", "INDIA", "ETHIOPIA", "9", "UNITED", "8", "IRAN", "BRAZIL", "FRANCE", "3", "RUSSIA", "JAPAN", "ALGERIA", "7", "2", "VIETNAM", "ROMANIA", "IRAQ", "GERMANY", "KENYA"]}, "c_nation": {"freq_str_words": ["MOROCCO", "JORDAN", "ARGENTINA", "EGYPT", "CANADA", "SAUDI", "ARABIA", "CHINA", "PERU", "INDIA", "ETHIOPIA", "UNITED", "KINGDOM", "IRAN", "BRAZIL", "FRANCE", "RUSSIA", "JAPAN", "ALGERIA", "VIETNAM", "ROMANIA", "MOZAMBIQUE", "INDONESIA", "IRAQ", "GERMANY", "KENYA", "STATES"]}, "c_region": {"freq_str_words": ["AFRICA", "MIDDLE", "EAST", "AMERICA", "ASIA", "EUROPE"]}, "c_mktsegment": {"freq_str_words": ["BUILDING", "AUTOMOBILE", "MACHINERY", "HOUSEHOLD", "FURNITURE"]}}, "part": {"p_name": {"freq_str_words": ["lace", "spring", "rosy", "metallic", "green", "antique", "smoke", "blush", "chiffon", "ivory", "azure", "blanched", "tan", "khaki", "cream", "rose", "moccasin", "royal", "turquoise", "sandy", "olive", "blue", "seashell", "burnished", "dark", "sky", "brown", "navy", "orange", "indian", "forest", "floral", "salmon", "aquamarine", "firebrick", "beige", "bisque", "slate", "dim", "white", "magenta", "misty", "drab", "cornflower", "honeydew", "steel", "ghost", "wheat", "midnight", "mint", "pink", "dodger", "coral", "chocolate", "maroon", "medium", "frosted", "peru", "lemon", "red", "thistle", "cornsilk", "puff", "black", "yellow", "pale", "goldenrod", "lime", "hot", "papaya", "lavender", "tomato", "orchid", "linen", "burlywood", "light", "saddle", "purple", "deep", "lawn", "violet", "chartreuse", "gainsboro", "almond", "sienna", "grey", "plum", "navajo", "cyan", "powder", "peach", "snow"]}, "p_mfgr": {"freq_str_words": ["MFGR#1", "MFGR#4", "MFGR#3", "MFGR#2", "MFGR#5"]}, "p_category": {"freq_str_words": ["MFGR#11", "MFGR#43", "MFGR#32", "MFGR#14", "MFGR#45", "MFGR#23", "MFGR#51", "MFGR#13", "MFGR#41", "MFGR#21", "MFGR#34", "MFGR#35", "MFGR#53", "MFGR#54", "MFGR#42", "MFGR#44", "MFGR#52", "MFGR#25", "MFGR#22", "MFGR#33", "MFGR#55", "MFGR#12", "MFGR#31", "MFGR#24", "MFGR#15"]}, "p_color": {"freq_str_words": ["goldenrod", "blush", "dark", "chocolate", "forest", "blue", "ivory", "floral", "ghost", "linen", "navajo", "deep", "burnished", "dodger", "bisque", "lemon", "medium", "firebrick", "lawn", "green", "aquamarine", "grey", "chiffon", "burlywood", "midnight", "antique", "lime", "purple", "misty", "drab", "frosted", "cornflower", "orange", "cream", "dim", "khaki", "blanched", "azure", "coral", "metallic", "light", "hot", "cornsilk", "cyan", "honeydew", "almond", "gainsboro", "chartreuse", "indian", "beige", "magenta", "lace", "brown", "mint", "black", "lavender"]}, "p_type": {"freq_str_words": ["PROMO", "BURNISHED", "COPPER", "LARGE", "BRUSHED", "BRASS", "STANDARD", "POLISHED", "SMALL", "PLATED", "TIN", "STEEL", "NICKEL", "MEDIUM", "ANODIZED", "ECONOMY"]}, "p_container": {"freq_str_words": ["JUMBO", "PKG", "LG", "CASE", "WRAP", "MED", "DRUM", "SM", "BAG", "CAN", "BOX", "PACK", "JAR"]}}, "supplier": {"s_address": {"freq_str_words": [""]}, "s_city": {"freq_str_words": ["PERU", "", "0", "ETHIOPIA", "1", "MOROCCO", "4", "IRAQ", "5", "KENYA", "2", "UNITED", "6", "IRAN", "CHINA", "3", "INDIA", "CANADA", "8", "RUSSIA", "ROMANIA", "BRAZIL", "EGYPT", "ALGERIA", "9", "VIETNAM", "GERMANY", "7", "JORDAN", "JAPAN", "FRANCE", "SAUDI"]}, "s_nation": {"freq_str_words": ["PERU", "ETHIOPIA", "ARGENTINA", "MOROCCO", "IRAQ", "KENYA", "UNITED", "KINGDOM", "IRAN", "STATES", "CHINA", "INDIA", "CANADA", "RUSSIA", "ROMANIA", "MOZAMBIQUE", "BRAZIL", "EGYPT", "INDONESIA", "ALGERIA", "VIETNAM", "GERMANY", "JORDAN", "JAPAN", "FRANCE", "SAUDI", "ARABIA"]}, "s_region": {"freq_str_words": ["AMERICA", "AFRICA", "MIDDLE", "EAST", "EUROPE", "ASIA"]}}, "lineorder": {"lo_orderpriority": {"freq_str_words": ["5-LOW", "1-URGENT", "4-NOT", "SPECIFIED", "2-HIGH", "3-MEDIUM"]}, "lo_shipmode": {"freq_str_words": ["TRUCK", "MAIL", "REG", "AIR", "FOB", "RAIL", "SHIP"]}}, "dim_date": {"January 1, 1992": {"freq_str_words": ["January", "2,", "1992", "3,", "4,", "5,", "6,", "7,", "8,", "9,", "10,", "11,", "12,", "13,", "14,", "15,", "16,", "17,", "18,", "19,", "20,", "21,", "22,", "23,", "24,", "25,", "26,", "27,", "28,", "29,", "30,", "31,", "February", "1,", "March", "April", "May", "June", "July", "Augest", "September", "Octorber", "November", "December", "1993", "1994", "1995", "1996", "1997", "1998"]}, "Thursday": {"freq_str_words": ["Friday", "Saturday", "Sunday", "Monday", "Tuesday", "Wednesday", "Thursday"]}, "January": {"freq_str_words": ["January", "February", "March", "April", "May", "June", "July", "Augest", "September", "Octorber", "November", "December"]}, "Jan1992": {"freq_str_words": ["Jan1992", "Feb1992", "Mar1992", "Apr1992", "May1992", "Jun1992", "Jul1992", "Aug1992", "Sep1992", "Oct1992", "Nov1992", "Dec1992", "Jan1993", "Feb1993", "Mar1993", "Apr1993", "May1993", "Jun1993", "Jul1993", "Aug1993", "Sep1993", "Oct1993", "Nov1993", "Dec1993", "Jan1994", "Feb1994", "Mar1994", "Apr1994", "May1994", "Jun1994", "Jul1994", "Aug1994", "Sep1994", "Oct1994", "Nov1994", "Dec1994", "Jan1995", "Feb1995", "Mar1995", "Apr1995", "May1995", "Jun1995", "Jul1995", "Aug1995", "Sep1995", "Oct1995", "Nov1995", "Dec1995", "Jan1996", "Feb1996", "Mar1996", "Apr1996", "May1996", "Jun1996", "Jul1996", "Aug1996", "Sep1996", "Oct1996", "Nov1996", "Dec1996", "Jan1997", "Feb1997", "Mar1997", "Apr1997", "May1997", "Jun1997", "Jul1997", "Aug1997", "Sep1997", "Oct1997", "Nov1997", "Dec1997", "Jan1998", "Feb1998", "Mar1998", "Apr1998", "May1998", "Jun1998", "Jul1998", "Aug1998", "Sep1998", "Oct1998", "Nov1998", "Dec1998"]}, "Winter": {"freq_str_words": ["Winter", "Spring", "Summer", "Fall", "Christmas"]}}}