{"name": "financial", "csv_kwargs": {"sep": "\t"}, "db_load_kwargs": {"postgres": "DELIMITER '\t' QUOTE '\"' ESCAPE '\\' NULL 'NULL' CSV HEADER;"}, "tables": ["card", "account", "order", "trans", "loan", "client", "disp", "district"], "relationships": [["account", ["district_id"], "district", ["district_id"]], ["card", ["disp_id"], "disp", ["disp_id"]], ["client", ["district_id"], "district", ["district_id"]], ["disp", ["client_id"], "client", ["client_id"]], ["loan", ["account_id"], "account", ["account_id"]], ["order", ["account_id"], "account", ["account_id"]], ["trans", ["account_id"], "account", ["account_id"]]]}