{"card": {"type": {"freq_str_words": ["gold", "classic", "junior"]}}, "account": {"frequency": {"freq_str_words": ["POPLATEK", "MESICNE", "TYDNE", "PO", "OBRATU"]}}, "order": {"bank_to": {"freq_str_words": ["YZ", "ST", "QR", "WX", "CD", "AB", "UV", "GH", "IJ", "KL", "EF", "MN", "OP"]}, "k_symbol": {"freq_str_words": ["SIPO", "UVER", "POJISTNE", "LEASING"]}}, "trans": {"type": {"freq_str_words": ["PRIJEM", "VYDAJ", "VYBER"]}, "operation": {"freq_str_words": ["VKLAD", "PREVOD", "Z", "UCTU", "NA", "UCET", "VYBER", "KARTOU"]}, "k_symbol": {"freq_str_words": ["SIPO", "SLUZBY", "", "POJISTNE", "DUCHOD"]}, "bank": {"freq_str_words": ["AB", "YZ", "ST", "QR", "WX", "CD", "UV", "KL", "GH", "OP", "IJ", "EF", "MN"]}}, "loan": {"status": {"freq_str_words": ["A", "B", "D", "C"]}}, "client": {"gender": {"freq_str_words": ["F", "M"]}}, "disp": {"type": {"freq_str_words": ["OWNER", "DISPONENT"]}}, "district": {"A2": {"freq_str_words": ["Praha", "-", "Hradec", "Plzen", "mesto", "Usti", "nad", "Jicin", "Brno"]}, "A3": {"freq_str_words": ["central", "Bohemia", "south", "west", "north", "east", "Moravia"]}}}