{"sbond_2": {"drug": {"freq_str_words": ["d117", "d183", "d212", "d221", "d225", "d260", "d27", "d281", "d29", "d318", "d322", "d324", "d329", "d330", "d76", "d77"]}}, "canc": {}, "atom": {"drug": {"freq_str_words": ["d107", "d186", "d231", "d246", "d297"]}, "charge": {"freq_str_words": ["a0=-0_1355<x<=-0_0175", "a0=0_1375<x<=+inf", "a0=0_0615<x<=0_1375", "a0=-inf<x<=-0_1355", "a0=-0_0175<x<=0_0615"]}, "name": {"freq_str_words": ["c", "h", "cl", "o", "s", "n"]}}, "sbond_7": {"drug": {"freq_str_words": ["d188", "d201", "d212", "d322", "d324", "d329", "d330", "d66", "d77", "d86"]}}, "sbond_3": {"drug": {"freq_str_words": ["d130", "d262", "d321", "d98"]}}, "sbond_1": {"drug": {"freq_str_words": ["d107", "d137", "d147", "d173", "d186", "d208_2", "d231", "d246", "d297", "d84"]}}}