{"name": "baseball", "csv_kwargs": {"sep": "\t"}, "db_load_kwargs": {"postgres": "DELIMITER '\t' QUOTE '\"' ESCAPE '\\' NULL 'NULL' CSV HEADER;"}, "tables": ["halloffame", "teamshalf", "teamsfranchises", "salaries", "seriespost", "battingpost", "pitchingpost", "managershalf", "players", "fieldingpost", "awardssharemanagers", "teams", "pitching", "awardsmanagers", "appearances", "awardsplayers", "awardsshareplayers", "batting", "schools", "schoolsplayers", "fieldingof", "allstarfull", "fielding", "els_teamnames", "managers"], "relationships": [["allstarfull", ["teamID"], "teams", ["teamID"]], ["appearances", ["playerID"], "players", ["playerID"]], ["awardsmanagers", ["managerID"], "managers", ["managerID"]], ["awardsplayers", ["playerID"], "players", ["playerID"]], ["awardssharemanagers", ["managerID"], "managers", ["managerID"]], ["awardsshareplayers", ["playerID"], "players", ["playerID"]], ["batting", ["teamID"], "teams", ["teamID"]], ["batting", ["playerID"], "players", ["playerID"]], ["battingpost", ["playerID"], "players", ["playerID"]], ["els_teamnames", ["teamid"], "teams", ["teamID"]], ["els_teamnames", ["franchid"], "teamsfranchises", ["franchID"]], ["fielding", ["playerID"], "players", ["playerID"]], ["fieldingof", ["playerID"], "players", ["playerID"]], ["fieldingpost", ["playerID"], "players", ["playerID"]], ["managers", ["teamID"], "teams", ["teamID"]], ["managershalf", ["managerID"], "managers", ["managerID"]], ["pitching", ["playerID"], "players", ["playerID"]], ["pitchingpost", ["playerID"], "players", ["playerID"]], ["players", ["hofID"], "halloffame", ["hofID"]], ["salaries", ["teamID"], "teams", ["teamID"]], ["schoolsplayers", ["schoolID"], "schools", ["schoolID"]], ["schoolsplayers", ["playerID"], "players", ["playerID"]], ["seriespost", ["teamIDwinner"], "teams", ["teamID"]], ["teamshalf", ["teamID"], "teams", ["teamID"]]]}