{"halloffame": {"votedBy": {"freq_str_words": ["BBWAA", "Nominating", "Vote", "Veterans"]}, "inducted": {"freq_str_words": ["Y", "N"]}, "category": {"freq_str_words": ["Player", "Manager", "Pioneer/Executive"]}}, "teamshalf": {"lgID": {"freq_str_words": ["NL", "AL"]}, "teamID": {"freq_str_words": ["ATL", "BAL", "BOS", "CAL", "CHA", "CHN", "CIN", "CLE", "DET", "HOU", "KCA", "LAN", "MIN", "ML4", "MON", "NYA", "NYN", "OAK", "PHI", "PIT", "SDN", "SEA", "SFN", "SLN", "TEX", "TOR"]}, "divID": {"freq_str_words": ["W", "E"]}, "DivWin": {"freq_str_words": ["N"]}}, "teamsfranchises": {"franchName": {"freq_str_words": ["City", "Los", "Angeles", "Philadelphia", "Athletics", "Baltimore", "Orioles", "Buffalo", "Bisons", "Boston", "Red", "Stockings", "Sox", "Brooklyn", "Reds", "Columbus", "Cleveland", "Blues", "Forest", "Citys", "Chicago", "Pirates", "White", "Cincinnati", "Detroit", "Hartford", "Dark", "Indianapolis", "Hoosiers", "Kansas", "Cowboys", "Louisville", "Grays", "Milwaukee", "Brewers", "Washington", "Nationals", "New", "York", "Mutuals", "Giants", "Pittsburgh", "St.", "Louis", "Brown", "San", "Syracuse", "Stars", "Toledo", "Blue", "Troy", "Legs"]}, "active": {"freq_str_words": ["N", "Y"]}}, "salaries": {"teamID": {"freq_str_words": ["ATL", "BAL", "BOS", "CAL", "CHA", "CHN", "CIN", "CLE", "DET", "HOU", "KCA", "LAN", "MIN", "ML4", "MON", "NYA", "NYN", "OAK", "PHI", "PIT", "SDN", "SEA", "SFN", "SLN", "TEX", "TOR", "COL", "FLO", "ANA", "ARI", "MIL", "TBA", "WAS"]}, "lgID": {"freq_str_words": ["NL", "AL"]}}, "seriespost": {"round": {"freq_str_words": ["WS", "ALCS", "NLCS", "ALDS1", "ALDS2", "NLDS1", "NLDS2"]}, "teamIDwinner": {"freq_str_words": ["BOS", "NY1", "CHA", "CHN", "PIT", "PHA", "CIN", "CLE", "NYA", "SLN", "DET", "LAN", "BAL", "NYN", "OAK", "KCA", "PHI", "SDN", "MIN", "SFN", "ATL", "TOR", "SEA", "FLO", "ARI", "ANA", "HOU", "TEX"]}, "lgIDwinner": {"freq_str_words": ["AL", "NL"]}, "teamIDloser": {"freq_str_words": ["PIT", "PHA", "CHN", "DET", "NY1", "PHI", "BRO", "CHA", "NYA", "SLN", "CIN", "BOS", "CLE", "SFN", "MIN", "LAN", "ATL", "BAL", "OAK", "NYN", "KCA", "CAL", "HOU", "SDN", "TOR", "SEA", "COL", "TEX", "ARI", "LAA", "TBA"]}, "lgIDloser": {"freq_str_words": ["NL", "AL"]}}, "battingpost": {"round": {"freq_str_words": ["WS", "ALCS", "NLCS", "ALDS1", "ALDS2", "NLDS1", "NLDS2"]}, "teamID": {"freq_str_words": ["CHN", "NY1", "BRO", "PIT", "BOS", "PHA", "CHA", "DET", "PHI", "CIN", "CLE", "NYA", "SLN", "LAN", "SFN", "MIN", "BAL", "ATL", "NYN", "OAK", "KCA", "HOU", "SDN", "TOR", "SEA", "FLO", "ARI"]}, "lgID": {"freq_str_words": ["NL", "AL"]}}, "pitchingpost": {"round": {"freq_str_words": ["ALCS", "ALDS2", "ALDS1", "WS", "NLCS", "NLDS2", "NLDS1"]}, "teamID": {"freq_str_words": ["OAK", "SEA", "TOR", "PIT", "TEX", "SFN", "CHA", "NYN", "MIN", "BOS", "BAL", "NYA", "DET", "PHI", "SLN", "FLO", "CHN", "ATL", "BRO", "LAN", "NY1", "CLE", "ARI", "HOU", "CIN", "SDN", "KCA", "LAA"]}, "lgID": {"freq_str_words": ["AL", "NL"]}}, "managershalf": {"managerID": {"freq_str_words": ["hanlone01m", "wardjo01m", "seleefr99m", "ansonca01m", "comisch01m", "tebeapa01m", "pfefffr01m", "powerpa99m", "wrighha01m", "buckeal99m", "burnsto01m", "crookja01m", "coxbo01m", "weaveea99m", "houkra01m", "mauchge01m", "larusto01m", "amalfjo01m", "mcnamjo99m", "garcida99m", "andersp01m", "virdobi01m", "freyji99m", "lasorto01m", "gardnbi02m", "rodgebu01m", "willidi02m", "michage01m", "torrejo01m", "martibi02m", "greenda02m", "tannech01m", "howarfr01m", "lachere01m", "robinfr02m", "herzowh01m", "zimmedo01m", "mattibo01m"]}, "teamID": {"freq_str_words": ["BLN", "BRO", "BSN", "CHN", "CIN", "CL4", "LS3", "NY1", "PHI", "PIT", "SLN", "ATL", "BAL", "BOS", "CAL", "CHA", "CLE", "DET", "HOU", "KCA", "LAN", "MIN", "ML4", "MON", "NYA", "NYN", "OAK", "SDN", "SEA", "SFN", "TEX", "TOR"]}, "lgID": {"freq_str_words": ["NL", "AL"]}}, "players": {"birthCountry": {"freq_str_words": ["USA", "Venezuela", "D.R.", "P.R.", "CAN"]}, "birthState": {"freq_str_words": ["AL", "CA", "FL", "PA", "OH", "GA", "MI", "MA", "MD", "NC", "IL", "TX", "MO", "NJ", "WI", "OK", "IN", "LA", "NY", "KS", "TN", "VA", "CT", "KY", "IA", "MS"]}, "birthCity": {"freq_str_words": ["Philadelphia", "City", "New", "Chicago", "St.", "Louis", "Cincinnati", "San", "Francisco", "York", "Los", "Angeles", "Brooklyn"]}, "deathCountry": {"freq_str_words": ["USA"]}, "deathState": {"freq_str_words": ["NJ", "FL", "CA", "MI", "OH", "PA", "NC", "TX", "MO", "MD", "NY", "MA", "IL"]}, "deathCity": {"freq_str_words": ["San", "Philadelphia", "City", "New", "Chicago"]}, "nameFirst": {"freq_str_words": ["John", "Ed", "Charlie", "Jim", "Al", "Bill", "Harry", "George", "Joe", "Tom", "Bob", "Mike", "Steve", "Dave", "Jack", "Frank"]}, "nameNote": {"freq_str_words": ["born"]}, "nameGiven": {"freq_str_words": ["Henry", "Louis", "Lee", "Donald", "William", "John", "Edward", "James", "Charles", "Harry", "Frederick", "Anthony", "Thomas", "Paul", "David", "Albert", "Francis", "George", "Joseph", "Robert", "Daniel", "Richard", "J.", "Michael", "Patrick", "Arthur", "Walter", "Frank", "Eugene", "Raymond"]}, "bats": {"freq_str_words": ["R", "L", "B"]}, "throws": {"freq_str_words": ["R", "L"]}, "college": {"freq_str_words": ["JC", "State", "CC", "None"]}}, "fieldingpost": {"teamID": {"freq_str_words": ["ATL", "OAK", "CHA", "FLO", "NYN", "SEA", "NYA", "PIT", "TOR", "BOS", "TEX", "SLN", "SFN", "MIN", "KCA", "BAL", "DET", "CHN", "PHI", "BRO", "CLE", "HOU", "LAN", "NY1", "ARI", "CIN", "SDN", "PHA"]}, "lgID": {"freq_str_words": ["NL", "AL"]}, "round": {"freq_str_words": ["WS", "NLCS", "ALCS", "ALDS2", "NLDS1", "NLDS2", "ALDS1"]}, "POS": {"freq_str_words": ["CF", "RF", "P", "2B", "SS", "1B", "3B", "LF", "C"]}}, "awardssharemanagers": {"awardID": {"freq_str_words": ["Mgr", "of", "the", "year", "Year"]}, "lgID": {"freq_str_words": ["AL", "NL"]}, "managerID": {"freq_str_words": ["coxbo01m", "larusto01m", "lasorto01m", "andersp01m", "johnsda02m", "pinielo01m", "valenbo02m", "craigro01m", "leylaji99m", "kellyto01m", "mckeoja99m", "gastoci01m", "robinfr02m", "howear01m", "torrejo01m", "garneph01m", "hargrmi01m", "oatesjo01m", "aloufe01m", "showabu99m", "bakerdu01m", "baylodo01m", "collite99m", "bochybr01m", "dierkla01m", "francte01m", "williji03m", "sciosmi01m", "manuech01m", "tracyji01m", "gardero01m", "wedgeer01m", "girarjo01m", "blackbu02m", "maddojo99m", "gonzafr99m", "washiro01m"]}}, "teams": {"lgID": {"freq_str_words": ["NL", "AA", "AL"]}, "teamID": {"freq_str_words": ["BSN", "CHN", "NY1", "PHI", "PIT", "BRO", "CIN", "SLN", "BOS", "CHA", "CLE", "DET", "PHA", "WS1", "SLA", "NYA", "BAL", "LAN", "SFN", "MIN", "HOU", "NYN", "CAL", "ATL", "OAK", "KCA", "MON", "SDN", "ML4", "TEX", "SEA", "TOR"]}, "franchID": {"freq_str_words": ["ATL", "CHC", "CIN", "PIT", "STL", "SFG", "PHI", "LAD", "NYY", "BOS", "CHW", "CLE", "DET", "BAL", "OAK", "MIN", "ANA", "TEX", "HOU", "NYM", "KCR", "MIL", "WSN", "SDP", "SEA", "TOR"]}, "divID": {"freq_str_words": ["E", "W", "C"]}, "DivWin": {"freq_str_words": ["Y", "N"]}, "WCWin": {"freq_str_words": ["N", "Y"]}, "LgWin": {"freq_str_words": ["N", "Y"]}, "WSWin": {"freq_str_words": ["N", "Y"]}, "name": {"freq_str_words": ["Boston", "Red", "Stockings", "Chicago", "White", "Cleveland", "New", "York", "Philadelphia", "Athletics", "Washington", "Baltimore", "Brooklyn", "Blue", "St.", "Louis", "Cincinnati", "Reds", "Milwaukee", "Detroit", "Orioles", "Browns", "City", "Kansas", "Brewers", "Giants", "Phillies", "Pirates", "Pittsburgh", "Senators", "Cardinals", "Sox", "Tigers", "Cubs", "Dodgers", "Braves", "Yankees", "Indians", "Jays", "Los", "Angeles", "San", "Francisco", "Angels", "Minnesota", "Twins", "Houston", "Mets", "California", "Astros", "Atlanta", "Oakland", "Royals", "Seattle", "Montreal", "Expos", "Diego", "Padres", "Texas", "Rangers", "Mariners", "Toronto"]}, "park": {"freq_str_words": ["South", "End", "Grounds", "I", "Field", "Street", "Park", "Sportsman's", "II", "Oriole", "Polo", "West", "League", "Side", "III", "Robison", "Baker", "Bowl", "Shibe", "IV", "Forbes", "Comiskey", "Griffith", "Stadium", "Fenway", "Crosley", "Ebbets", "Wrigley", "Braves", "Yankee", "Cleveland", "County", "Memorial", "Coliseum", "Candlestick", "Tiger", "Dodger", "Shea", "Astrodome", "Anaheim", "Atlanta-Fulton", "Busch", "Oakland", "Jack", "Murphy", "Rivers", "Veterans", "Three", "Arlington", "Stade", "Hubert", "H", "Humphrey", "Metrodome", "at"]}, "teamIDBR": {"freq_str_words": ["BOS", "CLE", "BAL", "PHI", "STL", "BSN", "CHC", "CIN", "PHA", "PIT", "NYG", "BRO", "MIL", "CHW", "DET", "WSH", "SLB", "NYY", "LAD", "SFG", "MIN", "HOU", "NYM", "CAL", "ATL", "OAK", "KCR", "MON", "SDP", "TEX", "SEA", "TOR"]}, "teamIDlahman45": {"freq_str_words": ["BSN", "CHN", "NY1", "PHI", "PIT", "BRO", "CIN", "SLN", "BOS", "CHA", "CLE", "DET", "PHA", "WS1", "SLA", "NYA", "BAL", "LAN", "SFN", "MIN", "HOU", "NYN", "CAL", "ATL", "OAK", "KCA", "MON", "SDN", "MIL", "TEX", "SEA", "TOR"]}, "teamIDretro": {"freq_str_words": ["BSN", "CHN", "NY1", "PHI", "PIT", "BRO", "CIN", "SLN", "BOS", "CHA", "CLE", "DET", "PHA", "WS1", "SLA", "NYA", "BAL", "LAN", "SFN", "MIN", "HOU", "NYN", "CAL", "ATL", "OAK", "KCA", "MON", "SDN", "MIL", "TEX", "SEA", "TOR"]}}, "pitching": {"teamID": {"freq_str_words": ["SFN", "CHN", "CHA", "BOS", "SEA", "NYA", "CAL", "BAL", "NYN", "LAN", "BRO", "OAK", "DET", "PHI", "MIN", "CLE", "KCA", "PHA", "WS1", "ATL", "CIN", "SLN", "NY1", "SLA", "TOR", "PIT", "SDN", "ML4", "TEX", "HOU", "MON", "BSN"]}, "lgID": {"freq_str_words": ["NL", "AL", "AA"]}}, "awardsmanagers": {"managerID": {"freq_str_words": ["mccarjo99m", "mckecbi01m", "durocle01m", "southbi01m", "stengca01m", "alstowa01m", "murtada01m", "virdobi01m", "weaveea99m", "herzowh01m", "larusto01m", "lasorto01m", "andersp01m", "freyji99m", "coxbo01m", "mcnamjo99m", "lanieha01m", "rodgebu01m", "leylaji99m", "robinfr02m", "zimmedo01m", "torboje01m", "kellyto01m", "bakerdu01m", "oatesjo01m", "showabu99m", "aloufe01m", "pinielo01m", "baylodo01m", "torrejo01m", "bochybr01m", "johnsda02m", "williji03m", "mckeoja99m", "manueje01m", "bowala01m", "sciosmi01m", "penato01m", "gardero01m", "guilloz01m", "girarjo01m", "wedgeer01m", "melvibo01m", "maddojo99m"]}, "awardID": {"freq_str_words": ["TSN", "Manager", "of", "the", "Year", "BBWAA", "year"]}, "lgID": {"freq_str_words": ["ML", "AL", "NL"]}, "tie": {"freq_str_words": ["Y"]}}, "appearances": {"teamID": {"freq_str_words": ["BSN", "CHN", "NY1", "PHI", "PIT", "BRO", "CIN", "SLN", "BOS", "CHA", "CLE", "DET", "PHA", "WS1", "SLA", "NYA", "BAL", "LAN", "SFN", "MIN", "HOU", "NYN", "CAL", "ATL", "OAK", "KCA", "MON", "SDN", "ML4", "TEX", "SEA", "TOR"]}, "lgID": {"freq_str_words": ["NL", "AA", "AL"]}}, "awardsplayers": {"awardID": {"freq_str_words": ["Baseball", "Magazine", "All-Star", "Most", "Valuable", "Player", "TSN", "MVP", "Major", "League", "of", "the", "Year", "Pitcher", "Rookie", "Babe", "Ruth", "Award", "Cy", "Young", "Gold", "Glove", "Fireman", "Rolaids", "Relief", "Man", "Silver", "Slugger"]}, "lgID": {"freq_str_words": ["NL", "AL", "ML"]}, "notes": {"freq_str_words": ["1B", "RF", "CF", "C", "P4", "2B", "3B", "LF", "P3", "SS", "P1", "P2", "OF", "P", "LHP", "RHP", "DH"]}}, "awardsshareplayers": {"awardID": {"freq_str_words": ["Cy", "Young", "MVP", "Rookie", "of", "the", "Year"]}, "lgID": {"freq_str_words": ["AL", "NL"]}}, "batting": {"teamID": {"freq_str_words": ["SFN", "CHN", "CHA", "BOS", "SEA", "NYA", "ATL", "ML4", "CAL", "BAL", "NYN", "LAN", "OAK", "CIN", "PHI", "BSN", "PIT", "BRO", "CLE", "DET", "SLN", "MIN", "KCA", "PHA", "WS1", "NY1", "SLA", "SDN", "HOU", "TOR", "TEX", "MON"]}, "lgID": {"freq_str_words": ["NL", "AL", "AA"]}}, "schools": {"schoolName": {"freq_str_words": ["University", "College", "of", "State", "at", "New", "York", "City", "Pennsylvania", "California", "University,", "San", "Central", "Western", "Louisiana", "Florida", "North", "Carolina", "Southern", "Missouri", "Washington", "and", "Illinois", "Tennessee", "Texas", "Wesleyan", "St.", "South", "Saint", "Virginia", "West"]}, "schoolCity": {"freq_str_words": ["City", "New", "San"]}, "schoolState": {"freq_str_words": ["TX", "NY", "MI", "OH", "AL", "GA", "PA", "MS", "MA", "SC", "NC", "AR", "MN", "TN", "CA", "OK", "KS", "IN", "WI", "WV", "FL", "IL", "VA", "CT", "IA", "LA", "KY", "MO", "MD", "NE", "WA", "NJ", "OR"]}, "schoolNick": {"freq_str_words": ["Wildcats", "Panthers", "Bulldogs", "Golden", "Rams", "Lions", "Eagles", "Knights", "Bears", "Tigers", "Cougars", "Warriors", "Cardinals", "Bobcats", "Huskies", "Spartans", "Blue", "Red", "Pioneers", "Fighting", "Hawks"]}}, "schoolsplayers": {"schoolID": {"freq_str_words": ["michigan", "texas", "ucla", "usc", "stanford", "arizonast", "notredame", "illinois", "holycross", "stmarysca"]}}, "fieldingof": {}, "allstarfull": {"gameID": {"freq_str_words": ["NLS195507120", "ALS195607100", "NLS195707090", "ALS195807080", "NLS195907070", "NLS195908030", "ALS196007110", "ALS196007130", "NLS196107110", "ALS196107310", "ALS196207100", "NLS196207300", "ALS196307090", "NLS196407070", "ALS196507130", "NLS196607120", "ALS196707110", "NLS196807090", "ALS196907230", "NLS197007140", "ALS197107130", "NLS197207250", "ALS197307240", "NLS197407230", "ALS197507150", "NLS198607150", "NLS200407130", "ALS200507120", "ALS194307130", "ALS199107090", "NLS199207140", "ALS199307130", "NLS198807120", "NLS200007110", "NLS199007100", "NLS199407120", "ALS199507110", "NLS199607090", "ALS199707080", "NLS199807070", "ALS199907130", "ALS200107100", "ALS201207100", "NLS200207090", "ALS200307150", "NLS194407110", "ALS201007130", "ALS197707190", "ALS197907170", "NLS198407100", "ALS198507160", "ALS195407130", "ALS193907110", "NLS194007090", "ALS194107080", "ALS194607090", "NLS194707080", "ALS198108090", "NLS200607110", "ALS194807130", "ALS195107100", "NLS195307140", "NLS195207080", "NLS201107120", "NLS194207060", "NLS200907140", "ALS198707140", "ALS198907110", "NLS198207130", "NLS200707100", "NLS197607130", "NLS198007080", "NLS197807110", "ALS198307060", "ALS200807150", "NLS194907120", "ALS195007110"]}, "teamID": {"freq_str_words": ["ML1", "ATL", "BAL", "PHI", "NY1", "CHA", "MIN", "DET", "NYN", "SLN", "CLE", "PIT", "WS1", "SDN", "TOR", "CAL", "SFN", "MON", "HOU", "CHN", "BOS", "TEX", "KCA", "OAK", "CIN", "NYA", "LAN", "SEA", "BRO"]}, "lgID": {"freq_str_words": ["NL", "AL"]}}, "fielding": {"teamID": {"freq_str_words": ["SFN", "CHN", "CHA", "BOS", "SEA", "NYA", "ATL", "ML4", "CAL", "BAL", "NYN", "LAN", "OAK", "PHI", "BSN", "PIT", "BRO", "CLE", "DET", "SLN", "MIN", "KCA", "PHA", "WS1", "CIN", "NY1", "SLA", "SDN", "HOU", "TOR", "TEX", "MON"]}, "lgID": {"freq_str_words": ["NL", "AL", "AA"]}, "POS": {"freq_str_words": ["P", "LF", "OF", "RF", "2B", "CF", "3B", "1B", "DH", "SS", "C"]}}, "els_teamnames": {"lgid": {"freq_str_words": ["AA", "AL", "FL", "NL", "PL", "UA"]}, "teamid": {"freq_str_words": ["BOS", "CHA", "CLE", "DET", "LAA", "NYA", "OAK", "TEX", "TOR", "WS1", "BRO", "BSN", "CHN", "CIN", "FLO", "HOU", "NY1", "PHI", "PIT", "SFN", "SLN"]}, "franchid": {"freq_str_words": ["BLO", "LAD", "CIN", "LOU", "PIT", "STL", "ANA", "BAL", "NYY", "BOS", "CHW", "CLE", "DET", "OAK", "MIN", "MIL", "TEX", "TOR", "ATL", "CHC", "FLA", "HOU", "WSN", "SFG", "PHI"]}, "name": {"freq_str_words": ["Baltimore", "Orioles", "Brooklyn", "Bridegrooms", "Grays", "Boston", "Reds", "Cleveland", "Blues", "Cincinnati", "Red", "Stockings", "Indianapolis", "Hoosiers", "Kansas", "City", "Cowboys", "Louisville", "Milwaukee", "Brewers", "New", "York", "Philadelphia", "Athletics", "St.", "Louis", "Browns", "Blue", "Washington", "Nationals", "Anaheim", "Angels", "Sox", "Chicago", "White", "Indians", "Detroit", "Tigers", "Los", "Angeles", "Yankees", "Oakland", "Seattle", "Texas", "Rangers", "Toronto", "Jays", "Senators", "Buffalo", "Pittsburgh", "Troy", "Braves", "Dodgers", "Beaneaters", "Florida", "Marlins", "Houston", "Giants", "Phillies", "Pirates", "San", "Francisco", "Cardinals"]}, "park": {"freq_str_words": ["Park", "Oriole", "Union", "Washington", "I", "Street", "Grounds", "League", "II", "Recreation", "Bank", "in", "End", "Exposition", "Eclipse", "Athletic", "Field", "Polo", "West", "Jefferson", "Sportsman's", "Stadium", "Avenue", "South", "Side", "Wrigley", "County", "IV", "III", "Coliseum", "/", "Ball", "Club", "Baseball", "Front", "Robison"]}}, "managers": {"managerID": {"freq_str_words": ["mackco01m", "mcgrajo01m", "larusto01m"]}, "teamID": {"freq_str_words": ["BSN", "CHN", "NY1", "PHI", "PIT", "BRO", "CIN", "SLN", "BOS", "CHA", "CLE", "DET", "PHA", "WS1", "SLA", "NYA", "BAL", "LAN", "SFN", "MIN", "HOU", "NYN", "CAL", "ATL", "OAK", "KCA", "MON", "SDN", "ML4", "TEX", "SEA", "TOR"]}, "lgID": {"freq_str_words": ["NL", "AA", "AL"]}, "plyrMgr": {"freq_str_words": ["Y", "N"]}}}