{"OBJ_CLASSES": {"OBJ_CLASS_ID": {"nan_ratio": 0.0, "max": 299, "min": 0, "mean": 149.5, "num_unique": 300, "percentiles": [0.0, 29.900000000000002, 59.800000000000004, 89.70000000000002, 119.60000000000001, 149.5, 179.40000000000003, 209.29999999999998, 239.20000000000002, 269.1, 299.0], "datatype": "int"}, "OBJ_CLASS": {"nan_ratio": 0.0, "datatype": "categorical", "unique_vals": ["bed", "bottle", "corner", "bus", "hair", "line", "coat", "body", "wire", "shelf", "bathroom", "head", "truck", "a", "tie", "board", "napkin", "hoof", "mountains", "shade", "books", "faucet", "tip", "hat", "fruits", "kitchen", "foot", "racket", "pillar", "vegetables", "skis", "bricks", "back", "sweater", "box", "cloths", "pot", "balls", "dish", "vehicle", "design", "engine", "knife", "eye", "circle", "weeds", "boat", "skateboard", "ocean", "boy", "bag", "string", "knob", "railing", "bottom", "blanket", "awning", "ceiling", "water", "rack", "waves", "street", "surface", "stick", "jeans", "tower", "drawer", "letters", "woman", "horse", "screen", "backpack", "pants", "cats", "cabinet", "neck", "sticker", "container", "vest", "part", "player", "chain", "plane", "tag", "pavement", "vase", "plant", "apple", "distance", "tire", "giraffe", "door", "towels", "computer", "side", "beach", "basket", "object", "ear", "jacket", "shoes", "pole", "road", "bowl", "wing", "writing", "background", "banner", "stand", "sauce", "animal", "patch", "carrot", "tomato", "broccoli", "sky", "pillow", "base", "umbrellas", "glove", "motorcycles", "field", "birds", "trunk", "sunglasses", "wall", "branch", "reflection", "lady", "leg", "headlight", "hole", "pipe", "phone", "strap", "rails", "counter", "balcony", "shorts", "arrow", "spoon", "floor", "banana", "trees", "onion", "oranges", "stones", "beak", "shadow", "cone", "feathers", "snow", "rock", "hill", "posts", "clock", "bench", "spots", "dog", "traffic light", "button", "cap", "ring", "trim", "curtains", "wood", "tail", "sock", "dirt", "item", "couch", "child", "cow", "bolt", "dress", "tile", "bush", "court", "cheese", "boot", "sand", "cord", "camera", "face", "bread", "surfboard", "sink", "windshield", "grass", "area", "building", "girl", "numbers", "glasses", "column", "fence", "carpet", "mane", "train", "paws", "leaves", "ground", "lettering", "cup", "zebra", "track", "roof", "uniform", "step", "stripe", "sidewalk", "bicycle", "shirt", "mirror", "belt", "sleeves", "suit", "label", "edge", "wrist", "horn", "hand", "arm", "helmet", "wheels", "collar", "bear", "man", "desk", "curb", "keyboard", "air", "person", "photos", "paint", "platforms", "goggles", "candle", "paper", "top", "plate", "pizza", "dot", "fur", "bat", "windows", "sheep", "watch", "van", "car", "meat", "black", "bike", "toilet", "lid", "bar", "sneakers", "sign", "words", "cake", "can", "table", "frame", "airplane", "bridge", "kite", "white", "lamp", "nose", "room", "handle", "fingers", "license plate", "clouds", "logo", "elephants", "lights", "flags", "ripples", "picture", "keys", "knee", "mouth", "people", "tray", "food", "stem", "laptop", "donut", "flowers", "seat", "gravel", "chair", "front", "house", "guys", "street light", "frisbee", "rope", "fork"], "num_unique": 300}}, "IMG_OBJ": {"IMG_ID": {"nan_ratio": 0.0, "max": 2417997, "min": 1, "mean": 2196127.0130274068, "num_unique": 105710, "percentiles": [1.0, 2316467.0, 2327116.2, 2340513.0, 2350737.0, 2360881.0, 2370932.0, 2381779.0, 2395095.0, 2407106.0, 2417997.0], "datatype": "int"}, "OBJ_SAMPLE_ID": {"nan_ratio": 0.0, "max": 132, "min": 1, "mean": 10.810700455896407, "num_unique": 132, "percentiles": [1.0, 2.0, 4.0, 6.0, 7.0, 9.0, 11.0, 14.0, 17.0, 21.0, 132.0], "datatype": "int"}, "OBJ_CLASS_ID": {"nan_ratio": 0.0, "max": 299, "min": 0, "mean": 224.8722004870283, "num_unique": 300, "percentiles": [0.0, 96.0, 161.0, 203.0, 234.0, 256.0, 271.0, 282.0, 290.0, 296.0, 299.0], "datatype": "int"}, "X": {"nan_ratio": 0.0, "max": 1250, "min": 0, "mean": 187.37359113958107, "num_unique": 1101, "percentiles": [0.0, 0.0, 29.0, 82.0, 129.0, 173.0, 216.0, 262.0, 316.0, 388.0, 1250.0], "datatype": "int"}, "Y": {"nan_ratio": 0.0, "max": 1245, "min": 0, "mean": 164.66466223051643, "num_unique": 1032, "percentiles": [0.0, 5.0, 50.0, 89.0, 122.0, 153.0, 184.0, 218.0, 260.0, 322.0, 1245.0], "datatype": "int"}, "W": {"nan_ratio": 0.0, "max": 1542, "min": -5, "mean": 123.95090873674825, "num_unique": 1087, "percentiles": [-5.0, 14.0, 22.0, 31.0, 44.0, 61.0, 85.0, 122.0, 196.0, 372.0, 1542.0], "datatype": "int"}, "H": {"nan_ratio": 0.0, "max": 1281, "min": -172, "mean": 95.970713754065, "num_unique": 1000, "percentiles": [-172.0, 13.0, 21.0, 31.0, 43.0, 58.0, 79.0, 109.0, 154.0, 238.0, 1281.0], "datatype": "int"}}, "IMG_REL": {"IMG_ID": {"nan_ratio": 0.0, "max": 2417997, "min": 1, "mean": 2231183.2416246156, "num_unique": 98226, "percentiles": [1.0, 2318430.8, 2333115.0, 2346117.0, 2357612.0, 2368880.0, 2380080.8, 2390187.0, 2400724.0, 2408877.0, 2417997.0], "datatype": "int"}, "PRED_CLASS_ID": {"nan_ratio": 0.0, "max": 149, "min": 0, "mean": 139.6997834003137, "num_unique": 150, "percentiles": [0.0, 124.0, 140.0, 144.0, 146.0, 147.0, 148.0, 148.0, 149.0, 149.0, 149.0], "datatype": "int"}, "OBJ1_SAMPLE_ID": {"nan_ratio": 0.0, "max": 124, "min": 1, "mean": 10.512433188889865, "num_unique": 120, "percentiles": [1.0, 2.0, 4.0, 5.0, 7.0, 9.0, 11.0, 13.0, 16.0, 21.0, 124.0], "datatype": "int"}, "OBJ2_SAMPLE_ID": {"nan_ratio": 0.0, "max": 124, "min": 1, "mean": 10.231673871368876, "num_unique": 107, "percentiles": [1.0, 2.0, 3.0, 5.0, 7.0, 9.0, 11.0, 13.0, 16.0, 21.0, 124.0], "datatype": "int"}}, "PRED_CLASSES": {"PRED_CLASS_ID": {"nan_ratio": 0.0, "max": 149, "min": 0, "mean": 74.5, "num_unique": 150, "percentiles": [0.0, 14.9, 29.8, 44.70000000000001, 59.6, 74.5, 89.40000000000002, 104.3, 119.2, 134.1, 149.0], "datatype": "int"}, "PRED_CLASS": {"nan_ratio": 0.0, "datatype": "categorical", "unique_vals": ["facing", "on side", "sitting at", "below", "front", "between", "beside", "carrying", "covered", "on top", "over", "looking a", "wearing", "to right of", "sitting in", "drinking", "laying in", "riding on", "looking at", "has", "standing behind", "sitting", "underneath", "swinging", "next", "are lying in a", "talking on", "holding", "inside", "atop", "made of", "part of", "across", "playing", "covered in", "watching", "flying in", "growing in", "playing with", "enjoying", "belonging to", "playing on", "are resting on", "mounted on", "on bottom of", "catching a", "in front of", "under", "grazing in", "walking on", "are", "outside", "have", "driving", "hanging on", "shows", "using", "on side of", "casting", "inside of", "connected to a", "on front of", "standing near a", "has on", "next to", "sitting on top of", "against", "says", "surrounding", "containing", "and", "for", "floating in", "behind", "above", "of", "lining", "worn by", "reflected in", "holds", "along", "lying on top of", "beneath", "riding", "driving on", "walking in", "standing by", "growing on", "crossing", "at", "to", "a", "around", "sticking out of", "flying", "throwing", "walking down", "from", "reading", "standing", "standing in", "hanging over", "to left of", "printed on", "supporting", "through", "contains", "adorning", "hanging in", "painted on", "eating", "attached to", "near", "by", "showing a", "filled with", "walking", "built into", "on top of", "sitting on", "cutting", "leaning against a", "covering", "on back of", "close to", "leaning on", "written on", "full of", "on", "beyond", "holding up", "covered with", "in middle of", "standing on", "laying on", "hitting", "hanging from", "parked in", "lying on", "standing next to", "held by", "pulling", "touching", "with", "playing in", "in", "wears", "parked on", "sits on", "covers"], "num_unique": 150}}, "ATT_CLASSES": {"ATT_CLASS_ID": {"nan_ratio": 0.0, "max": 698, "min": 0, "mean": 349.0, "num_unique": 699, "percentiles": [0.0, 69.8, 139.6, 209.40000000000003, 279.2, 349.0, 418.80000000000007, 488.59999999999997, 558.4, 628.2, 698.0], "datatype": "int"}, "ATT_CLASS": {"nan_ratio": 0.0, "datatype": "categorical", "unique_vals": ["dark brown", "black and white", "wine", "folded", "cotton", "very large", "shredded", "below", "baked", "four", "fire", "mans", "gravel", "folding", "laptop", "print", "baby", "warm", "showing", "playing tennis", "light green", "clay", "thin", "clear", "halved", "tiny", "rectangle", "in the background", "fallen", "multi colored", "second", "part", "cream", "plush", "navy", "peach", "five", "dark", "hanging", "wide", "recessed", "full", "has", "bent", "bright red", "bear", "sparse", "lit up", "bathroom", "sitting down", "scattered", "car", "flat", "cat s", "trimmed", "lime green", "here", "diamond", "serving", "leaning", "crouched", "in the air", "raised", "mesh", "inside", "tree", "watching", "digital", "light blue", "skating", "working", "coffee", "power", "sliding", "smaller", "person", "holding", "short sleeve", "calm", "weathered", "young", "nice", "rectangular", "made", "behind", "heavy", "circular", "unripe", "bunch", "word", "wicker", "paved", "commercial", "shiny", "colorful", "maroon", "checkered", "short sleeved", "grass", "floating", "bronze", "tomato", "sunny", "palm", "looking", "piled", "glassy", "sharp", "horizontal", "traffic", "arched", "colored", "skiing", "rolled up", "ski", "light grey", "side view", "woven", "straw", "fuzzy", "in background", "snow covered", "tinted", "dense", "spotted", "talking", "chinese", "growing", "golden", "half full", "opened", "three", "ceramic", "sand", "bright blue", "pile", "reaching", "window", "bus", "chopped", "door", "middle", "jet", "tilted", "blue and white", "cheese", "cut", "barefoot", "hand", "marble", "crossed", "fabric", "trash", "pointy", "flat screen", "high", "styrofoam", "crumpled", "train", "breaking", "rainbow", "nike", "wireless", "collared", "dark blue", "facing", "hard", "older", "multiple", "jumping", "airborne", "dog", "in picture", "light colored", "silver", "for tennis", "exposed", "lying down", "color", "slice", "steel", "standing", "floor", "overhead", "building", "cardboard", "glazed", "choppy", "drinking", "still", "sandy", "wood", "painted", "jean", "gas", "winter", "pointing", "slanted", "glass", "rounded", "bunched", "rear", "wall", "low", "hot", "white and blue", "waving", "wearing", "fake", "printed", "carved", "group", "flowered", "reflection", "yellow", "chrome", "cement", "one way", "giraffe", "circle", "is white", "cell", "patch", "license", "cream colored", "shaggy", "section", "skateboarding", "mounted", "half", "delicious", "modern", "wispy", "sign", "tall", "curly", "wii", "whole", "moving", "zebra s", "metallic", "pretty", "straight", "distance", "roll", "double", "glowing", "light", "bricked", "knit", "beer", "existing", "brunette", "lush", "plane", "building s", "stop", "dried", "patterned", "computer", "potted", "navy blue", "shirtless", "carpeted", "together", "top", "faded", "grassy", "green", "white", "different", "for sale", "electrical", "sheer", "hardwood", "turquoise", "stuffed", "riding", "wet", "triangle", "peeling", "elephant", "hooded", "stained", "woman", "smiling", "frosted", "brown and white", "bird", "two", "framed", "assorted", "eating", "open", "laying down", "chocolate", "rolling", "male", "wild", "golden brown", "these", "medium", "rock", "horse", "smooth", "rocky", "some", "french", "under", "paper", "huge", "striped", "attached", "outdoor", "grey", "looking down", "happy", "kitchen", "head", "foggy", "ornate", "bold", "multicolored", "long", "partial", "beach", "burgundy", "standing up", "floral", "back", "girl s", "textured", "wired", "bright", "wire", "line", "city", "adult", "down", "park", "asphalt", "background", "cloudless", "plastic", "military", "close", "edge", "overgrown", "body", "single", "row", "telephone", "public", "laying", "purple", "padded", "carrying", "covered", "turning", "overcast", "red white", "number", "off", "cutting", "home", "aluminum", "pizza", "double decker", "rough", "ready", "asian", "leafless", "larger", "toy", "upside down", "walking", "blue", "utility", "empty", "shallow", "copper", "shaped", "feeding", "blurry", "puffy", "rolled", "staring", "lamp", "mini", "in the distance", "small", "polka dot", "mid air", "red brick", "stripped", "cast", "stack", "bike", "skinny", "pale", "polar", "batting", "round", "decorated", "curled", "stopped", "reddish", "turned on", "red", "checked", "extended", "ocean", "plaid", "messy", "rusty", "enjoying", "toilet", "bushy", "elevated", "teddy", "peeled", "lined", "turned", "stacked", "several", "air", "running", "american", "one", "dusty", "man", "cold", "concrete", "table", "reflective", "large", "on", "on display", "is blue", "crossing", "hairy", "strong", "lying", "daytime", "grouped", "human", "stone", "brown", "evergreen", "traveling", "kneeling", "displayed", "many", "elephant s", "boy s", "distant", "brick", "vintage", "metal", "patchy", "pine", "resting", "zebra", "furry", "caucasian", "wrinkled", "square", "written", "reading", "ripe", "melted", "in a row", "grilled", "blurred", "side", "steep", "outstretched", "surfing", "fence", "woman s", "in front", "blond", "plain", "protective", "decorative", "splashing", "red and black", "covering", "broken", "cooked", "muddy", "animal", "black", "grazing", "thick", "button down", "illuminated", "dark colored", "floppy", "dead", "alone", "dark red", "antique", "old", "vertical", "is black", "sticking out", "in", "marked", "dirty", "gree", "clean", "speckled", "tiled", "snow", "barren", "tile", "filled", "soccer", "rubber", "lined up", "neon", "toasted", "long sleeved", "flower", "very tall", "short", "set", "piece", "parking", "pointed", "motorcycle", "blonde", "indoors", "letter", "narrow", "fruit", "crouching", "worn", "raw", "passenger", "loose", "in distance", "held", "statue", "bright green", "cat", "few", "stainless steel", "soft", "stainless", "sitting", "swinging", "off white", "giraffe s", "posing", "aqua", "street", "tennis", "oval", "pictured", "porcelain", "docked", "long sleeve", "out", "dog s", "flying", "fat", "red and white", "solid", "outdoors", "shining", "lit", "tail", "leather", "balding", "new", "light gray", "ground", "big", "rippled", "crashing", "electronic", "leafy", "two story", "reflected", "backwards", "mixed", "orange", "dirt", "fluffy", "elderly", "fancy", "a", "apple", "ivory", "chain link", "person s", "denim", "used", "bottom", "upright", "wavy", "snowy", "driving", "chain", "cloth", "dark gray", "light brown", "swimming", "far", "above", "advertising", "beige", "waiting", "parked", "baseball", "shaded", "clock", "burnt", "brass", "female", "dotted", "beautiful", "food", "khaki", "cloudy", "giant", "sleeveless", "picture", "cluttered", "safety", "wooden", "bald", "bright yellow", "closed", "old fashioned", "dark grey", "light skinned", "gold", "water", "tied", "foamy", "dry", "cracked", "athletic", "present", "murky", "man s", "road", "reflecting", "diced", "tan", "electric", "railroad", "falling", "cooking", "white and black", "rusted", "curved", "sleeping", "teal", "roman", "in air", "busy", "healthy", "designed", "police", "deep", "transparent", "little", "playing", "crispy", "fried", "pink", "snowboarding", "up", "bare", "bending", "sliced", "hazy", "triangular", "squatting", "dark green", "pair", "lighted", "green and white", "fresh", "landing", "iron", "in the picture", "wrapped", "granite", "medium sized", "dressed", "first", "cute", "gray", "seated"], "num_unique": 699}}, "IMG_OBJ_ATT": {"IMG_ID": {"nan_ratio": 0.0, "max": 2417997, "min": 1, "mean": 2232097.1608000924, "num_unique": 102392, "percentiles": [1.0, 2318611.0, 2334096.0, 2347772.0, 2359480.0, 2370658.5, 2381255.0, 2390643.0, 2400487.0, 2408802.0, 2417997.0], "datatype": "int"}, "ATT_CLASS_ID": {"nan_ratio": 0.0, "max": 698, "min": 0, "mean": 638.1495622866798, "num_unique": 699, "percentiles": [0.0, 499.0, 628.0, 668.0, 683.0, 690.0, 693.0, 695.0, 697.0, 698.0, 698.0], "datatype": "int"}, "OBJ_SAMPLE_ID": {"nan_ratio": 0.0, "max": 132, "min": 1, "mean": 9.979163022157376, "num_unique": 123, "percentiles": [1.0, 2.0, 3.0, 5.0, 7.0, 8.0, 10.0, 13.0, 15.0, 20.0, 132.0], "datatype": "int"}}}