{"name": "genome", "csv_kwargs": {"sep": "\t"}, "db_load_kwargs": {"postgres": "DELIMITER '\t' QUOTE '\"' ESCAPE '\\' NULL 'NULL' CSV HEADER;"}, "tables": ["OBJ_CLASSES", "IMG_OBJ", "IMG_REL", "PRED_CLASSES", "ATT_CLASSES", "IMG_OBJ_ATT"], "relationships": [["IMG_OBJ", ["OBJ_CLASS_ID"], "OBJ_CLASSES", ["OBJ_CLASS_ID"]], ["IMG_OBJ_ATT", ["ATT_CLASS_ID"], "ATT_CLASSES", ["ATT_CLASS_ID"]], ["IMG_OBJ_ATT", ["IMG_ID", "OBJ_SAMPLE_ID"], "IMG_OBJ", ["IMG_ID", "OBJ_SAMPLE_ID"]], ["IMG_REL", ["PRED_CLASS_ID"], "PRED_CLASSES", ["PRED_CLASS_ID"]], ["IMG_REL", ["IMG_ID", "OBJ1_SAMPLE_ID"], "IMG_OBJ", ["IMG_ID", "OBJ_SAMPLE_ID"]]]}