{"OBJ_CLASSES": {}, "IMG_OBJ": {}, "IMG_REL": {}, "PRED_CLASSES": {"PRED_CLASS": {"freq_str_words": ["playing", "on", "looking", "a", "to", "of", "are", "driving", "side", "in", "leaning", "against", "lying", "front", "hanging", "over", "top", "covered", "sitting", "standing", "near", "walking", "by", "behind", "next", "with", "riding", "parked", "holding", "growing", "laying", "has", "at", "flying", "from", "inside"]}}, "ATT_CLASSES": {"ATT_CLASS": {"freq_str_words": ["s", "blue", "red", "and", "down", "in", "white", "dark", "light"]}}, "IMG_OBJ_ATT": {}}