{"name": "credit", "csv_kwargs": {"sep": "\t"}, "db_load_kwargs": {"postgres": "DELIMITER '\t' QUOTE '\"' ESCAPE '\\' NULL 'NULL' CSV HEADER;"}, "tables": ["member", "region", "category", "provider", "statement", "payment", "corporation", "charge"], "relationships": [["charge", ["category_no"], "category", ["category_no"]], ["charge", ["member_no"], "member", ["member_no"]], ["corporation", ["region_no"], "region", ["region_no"]], ["member", ["region_no"], "region", ["region_no"]], ["payment", ["member_no"], "member", ["member_no"]], ["provider", ["region_no"], "region", ["region_no"]], ["statement", ["member_no"], "member", ["member_no"]]]}