{"member": {"lastname": {"freq_str_words": ["ANDERSON", "BARR", "CHEN", "DORR", "EFLIN", "FLORINI", "GOHAN", "HAHN", "INFANTE", "JONES", "KAHRMANN", "LING", "MAKAI", "NELSON", "OLPHANT", "PAYNTER", "QUINT", "RYAN", "STEIN", "TOLSKY", "UNAKLET", "VANN", "WOLFMULE", "XAVIER", "YEONG", "ZUCKER"]}, "street": {"freq_str_words": [""]}, "city": {"freq_str_words": [""]}, "issue_dt": {"freq_str_words": ["1999-10-13"]}, "expr_dt": {"freq_str_words": ["2000-10-12"]}}, "region": {"region_name": {"freq_str_words": ["American", "Europea"]}, "street": {"freq_str_words": ["St.", "St"]}}, "category": {}, "provider": {"provider_name": {"freq_str_words": ["Prov.", "Apex", "Key", "Ligh", "Mach", "Need", "Oper", "Petr", "Ques", "Rest", "Sail", "Tran", "Boston", "Ke", "Li", "Ma", "Ne", "Op", "Pe", "Qu", "Re", "Sa", "Tr", "Computer", "Driven", "Expert", "Famous", "Giant", "Humble", "Imperial", "Just"]}, "street": {"freq_str_words": [""]}, "city": {"freq_str_words": [""]}, "issue_dt": {"freq_str_words": ["1999-10-13", "10:41:18", "10:41:19", "10:41:20", "10:41:21", "10:41:22", "10:41:23", "10:41:24"]}, "expr_dt": {"freq_str_words": ["2000-10-12", "10:41:18", "10:41:19", "10:41:20", "10:41:21", "10:41:22", "10:41:23", "10:41:24"]}}, "statement": {"statement_dt": {"freq_str_words": ["1999-08-13", "00:00:00", "1999-09-13"]}, "due_dt": {"freq_str_words": ["1999-09-02", "00:00:00", "1999-10-03"]}}, "payment": {"payment_dt": {"freq_str_words": ["1999-09-02", "00:00:00", "1999-10-03"]}}, "corporation": {"corp_name": {"freq_str_words": ["Corp.", "Apex", "Key", "StonesInc.", "LightingInc.", "MachineryInc.", "NeedleworkInc.", "OperaInc.", "PetroleumInc.", "QuestsInc.", "RestaurantsInc.", "Sail", "MakersInc.", "TransitInc.", "Boston", "Computer", "Driven", "Expert", "Famous", "Giant", "Humble", "Imperial", "Just", "StonesCo.", "LightingCo.", "MachineryCo.", "NeedleworkCo.", "OperaCo.", "PetroleumCo.", "QuestsCo.", "RestaurantsCo.", "MakersCo.", "TransitCo.", "StonesCorp.", "LightingCorp.", "MachineryCorp.", "NeedleworkCorp.", "OperaCorp.", "PetroleumCorp.", "QuestsCorp.", "RestaurantsCorp.", "MakersCorp.", "TransitCorp.", "StonesLtd.", "LightingLtd.", "MachineryLtd.", "NeedleworkLtd.", "OperaLtd.", "PetroleumLtd.", "QuestsLtd.", "RestaurantsLtd.", "MakersLtd.", "TransitLtd.", "StonesAg.", "LightingAg.", "MachineryAg.", "NeedleworkAg.", "OperaAg.", "PetroleumAg.", "QuestsAg.", "RestaurantsAg.", "MakersAg.", "TransitAg."]}, "street": {"freq_str_words": [""]}, "city": {"freq_str_words": [""]}, "expr_dt": {"freq_str_words": ["2004-10-12", "10:41:26"]}}, "charge": {}}