{"name": "geneea", "csv_kwargs": {"sep": "\t"}, "db_load_kwargs": {"postgres": "DELIMITER '\t' QUOTE '\"' ESCAPE '\\' NULL 'NULL' CSV HEADER;"}, "tables": ["organy", "osoby", "hl_check", "typ_funkce", "typ_organu", "pkgps", "funkce", "zmatecne", "omluvy", "zarazeni", "hl_poslanec", "bod_schuze", "hl_zposlanec", "hl_vazby", "schuze_stav", "schuze", "poslanec", "hl_hlasovani", "bod_stav"], "relationships": [["bod_schuze", ["id_schuze"], "schuze", ["id_schuze"]], ["bod_schuze", ["id_bod_stav"], "bod_stav", ["id_bod_stav"]], ["funkce", ["id_organ"], "organy", ["id_organ"]], ["funkce", ["id_typ_funkce"], "typ_funkce", ["id_typ_funkce"]], ["hl_check", ["id_hlasovani"], "hl_hlasovani", ["id_hlasovani"]], ["hl_hlasovani", ["id_organ"], "organy", ["id_organ"]], ["hl_poslanec", ["id_poslanec"], "poslanec", ["id_poslanec"]], ["hl_vazby", ["id_hlasovani"], "hl_hlasovani", ["id_hlasovani"]], ["hl_zposlanec", ["id_hlasovani"], "hl_hlasovani", ["id_hlasovani"]], ["hl_zposlanec", ["id_osoba"], "osoby", ["id_osoba"]], ["omluvy", ["id_poslanec"], "poslanec", ["id_poslanec"]], ["pkgps", ["id_poslanec"], "poslanec", ["id_poslanec"]], ["poslanec", ["id_osoba"], "osoby", ["id_osoba"]], ["schuze", ["id_organ"], "organy", ["id_organ"]], ["schuze_stav", ["id_schuze"], "schuze", ["id_schuze"]], ["typ_funkce", ["id_typ_org"], "typ_organu", ["id_typ_org"]], ["zarazeni", ["id_osoba"], "osoby", ["id_osoba"]], ["zmatecne", ["id_hlasovani"], "hl_hlasovani", ["id_hlasovani"]]]}