{"organy": {"zkratka": {"freq_str_words": ["VK", "PV", "Vl\u00e1da\u010cR"]}, "nazev_organu_cz": {"freq_str_words": ["Poslaneck\u00fd", "klub", "strany", "unie", "\u010cesk\u00e9", "soci\u00e1ln\u011b", "demokratick\u00e9", "a", "-", "soci\u00e1ln\u00ed", "Neza\u0159azen\u00ed", "Ob\u010dansk\u00e9", "pro", "strana", "St\u00e1l\u00e1", "komise", "kontrolu", "\u010dinnosti", "Poslaneck\u00e9", "sn\u011bmovny", "Volebn\u00ed", "v\u00fdbor", "imunitn\u00ed", "V\u00fdbor", "politiku", "zdravotnictv\u00ed", "ve\u0159ejnou", "region\u00e1ln\u00ed", "rozvoj", "prost\u0159ed\u00ed", "ml\u00e1de\u017e", "Podv\u00fdbor", "Vy\u0161et\u0159ovac\u00ed", "v", "informa\u010dn\u00ed", "slu\u017eby", "bezpe\u010dnost", "s", "republiky", "spolupr\u00e1ci", "ochranu", "delegace", "Parlamentu", "do", "Parlamentn\u00edho", "shrom\u00e1\u017ed\u011bn\u00ed", "Vl\u00e1da", "demokratick\u00e1", "\u010cesk\u00e1", "republika", "rada", "Sn\u011bmovna", "Sen\u00e1t", "st\u00e1ty"]}, "nazev_organu_en": {"freq_str_words": ["Czech", "Central", "Union", "and", "Political", "group", "Social", "Democratic", "Party", "for", "Moravia", "-", "People's", "of", "Bohemia", "The", "National", "Deputies", "Civic", "Permanent", "Commission", "the", "Security", "work", "Office", "Chamber", "Public", "Electoral", "Committee", "Policy", "Health", "Care", "Regional", "Development", "Environment", "Youth", "Foreign", "Affairs", "Subcommittee", "Oversight", "European", "Republic", "State", "Delegation", "to", "Assembly", "Council", "Parliamentary", "Inter-Parliamentary", "Government", "Africa", "Senate", "Group", "on", "Kingdom", "America", "over", "States"]}, "od_organ": {"freq_str_words": ["06.06.1992", "22.07.1998", "01.01.1993", "07.06.1990", "15.11.1925", "14.11.1918", "01.06.2002", "16.07.2002", "06.08.2002", "12.09.2006", "08.11.2006", "01.03.2007", "24.06.2010", "09.07.2010", "09.09.2010", "27.11.2013", "06.02.2014", "13.02.2014", "26.02.2014"]}, "do_organ": {"freq_str_words": ["06.06.1996", "19.06.1998", "20.06.2002", "15.06.2006", "03.06.2010", "28.08.2013", "31.12.1992", "04.06.1992", "18.05.1935", "25.09.1929", "14.11.1925", "15.04.1920", "28.05.1919"]}}, "osoby": {"pred": {"freq_str_words": ["Ing.", "JUDr.", "Mgr.", "MUDr.", "RNDr.", "PhDr.", "RSDr."]}, "prijmeni": {"freq_str_words": ["Petr", "Josef", "Stanislav", "Ji\u0159\u00ed", "Ladislav", "Jan", "Jaroslav", "Franti\u0161ek", "Vladim\u00edr", "Miroslav", "V\u00e1clav", "Pavel", "Anton\u00edn", "Karel", "Michal", "Milan", "Rudolf", "Marie", "Zden\u011bk", "Jozef", "J\u00e1n", "\u0160tefan"]}, "za": {"freq_str_words": ["CSc."]}, "narozeni": {"freq_str_words": ["01.01.1900"]}, "pohlavi": {"freq_str_words": ["M", "\u017d"]}, "zmena": {"freq_str_words": ["07.12.1998", "08.12.1998"]}}, "hl_check": {}, "typ_funkce": {"typ_funkce_cz": {"freq_str_words": ["M\u00edstop\u0159edseda", "P\u0159edseda", "Ov\u011b\u0159ovatel", "v\u00fdboru", "N\u00e1hradn\u00edk", "delegace", "Vedouc\u00ed", "Zapisovatel", "Po\u0159adatel", "Prezident", "ochr\u00e1nce", "pr\u00e1v", "Z\u00e1stupce", "\u0158editel", "Ministr", "a", "v\u011bc\u00ed", "pro", "dopravy", "m\u00edstop\u0159edseda", "\u010clen", "1.", "2.", "3.", "Pozorovatel", "4.", "5."]}, "typ_funkce_en": {"freq_str_words": ["Vice-chairman", "Chairman", "Verifier", "of", "committee", "Secretary", "delegation", "Chairperson", "Vice-chairperson", "Member", "Observer"]}}, "typ_organu": {"nazev_typ_org_cz": {"freq_str_words": ["Klub", "Komise", "V\u00fdbor", "Volebn\u00ed", "kraj", "republika", "rada", "Slovenskej", "republiky", "\u010cesk\u00e1", "skupina", "Feder\u00e1ln\u00ed", "shrom\u00e1\u017ed\u011bn\u00ed", "a", "\u010ceskoslovensk\u00e9", "socialistick\u00e9", "N\u00e1rodn\u00ed", "Sn\u011bmovna", "lidu", "n\u00e1rod\u016f", "P\u0159edsednictvo", "Pracovn\u00ed"]}, "nazev_typ_org_en": {"freq_str_words": ["Group", "Commission", "Committee", "Parliament", "Federal", "Assembly"]}}, "pkgps": {"adresa": {"freq_str_words": ["n\u00e1m\u011bst\u00ed", "Brno;", "60200", "K\u0159enov\u00e1", "67;", "Horsk\u00e1", "97;", "Trutnov;", "54101", "Praha", "4;", "Malostransk\u00e9", "n\u00e1m.", "266/5;", "1;", "11800", "P\u0159emysla", "Otakara", "II.", "Vrchlick\u00e9ho", "2078/12;", "Jihlava;", "58601", "Most;", "43401", "Kv\u00edtkov\u00e1", "Zl\u00edn;", "76001", "Lannova", "\u010cesk\u00e9", "Bud\u011bjovice;", "37001", "N\u00e1chod;", "54701", "Truhl\u00e1\u0159sk\u00e1", "9;", "11000", "Kladno;", "27201", "127;", "Masarykovo", "Na", "Mlad\u00e1", "Boleslav;", "29301", "\u0160ilingrovo", "257/3;", "45;", "Sokolov;", "M\u00edrov\u00e9", "Litom\u011b\u0159ice;", "41201", "Olomouc;", "77200", "3;", "2;", "12000", "N\u00e1dra\u017en\u00ed", "\u017d\u010f\u00e1r", "nad", "S\u00e1zavou;", "59101", "Pra\u017esk\u00e1", "\u010ceskobratrsk\u00e1", "1579/4;", "Ostrava;", "70200", "Bene\u0161ov;", "25601", "Politick\u00fdch", "v\u011bz\u0148\u016f", "1531/9;", "11121", "Beroun;", "26601", "Ur\u010dick\u00e1", "4220/53;", "Prost\u011bjov;", "79601", "Dr.", "E.", "Bene\u0161e", "5/13;", "Liberec;", "46001", "-", "73961", "\u010c\u00e9\u010dova", "689/11;", "37004", "Husovo", "40502", "Kutn\u00e1", "Hora;", "28401", "599;", "Sokolsk\u00e1", "Znojmo;", "66902", "613;", "Milady", "Hor\u00e1kov\u00e9", "Hradec", "Kr\u00e1lov\u00e9;", "B\u011blohorsk\u00e1", "6;", "16900", "\u00dast\u00ed", "Labem;", "40001", "201;", "Uhersk\u00fd", "Brod;", "68801", "Brand\u00fds", "Labem", "Star\u00e1", "25001", "77900", "Jaselsk\u00e1", "Hou\u0161kova", "822/35;", "Plze\u0148;", "Chrudim;", "32600", "B\u0159eclav;", "Pardubice;", "53002", "P\u0159\u00edbram;", "26101", "Vranovsk\u00e1", "61400", "Masarykova", "Opava;", "74601", "t\u0159.", "420;", "5.", "kv\u011btna", "1800;", "Vset\u00edn;", "75501", "V\u00edde\u0148sk\u00e1", "134/102;", "61900", "Riegrova", "28.", "\u0159\u00edjna", "\u017di\u017ekova", "Anglick\u00e9", "n\u00e1b\u0159e\u017e\u00ed", "2434/1;", "30100", "V\u0161ehrdova", "194;", "50002", "Gork\u00e9ho", "1611;", "Republiky", "Fr\u00fddek", "M\u00edstek;", "73801", "Jablonec", "Nisou;", "46601", "\u010cSA", "287;", "44;", "Horn\u00ed", "Svobody", "Hybe\u0161ova", "Karlovy", "Vary;", "36001", "sady"]}}, "funkce": {"nazev_funkce_cz": {"freq_str_words": ["M\u00edstop\u0159edseda", "klubu", "P\u0159edseda", "komise", "Ov\u011b\u0159ovatel", "v\u00fdboru", "Tajemn\u00edk-ov\u011b\u0159.", "podv\u00fdboru", "N\u00e1hradn\u00edk", "delegace", "Vedouc\u00ed", "Parlamentn\u00ed", "skupiny", "p\u0159\u00e1tel", "\u010cR", "-", "a", "p\u0159edseda", "N\u00e1rodn\u00edho", "shrom\u00e1\u017ed\u011bn\u00ed", "Zapisovatel", "\u010clen", "m\u00edstop\u0159edseda", "Ministr", "1.", "2.", "Meziparlamentn\u00ed"]}}, "zmatecne": {}, "omluvy": {"od": {"freq_str_words": ["12:00", "08:00", "14:00", "09:00", "13:00", "08:30", "14:30"]}, "do": {"freq_str_words": ["23:59", "13:00", "23:00", "11:00"]}}, "zarazeni": {"od_o": {"freq_str_words": ["1992-06-06", "00", "14", "1990-06-07", "2006-09-12", "2010-07-07", "2013-12-04", "2014-02-06", "1990-09-26", "2002-07-16", "1986-05-24", "1992-06-24", "1969-01-01", "1935-05-19", "1929-10-27", "1925-11-15", "1946-05-26", "1954-11-28", "1981-06-07", "1976-10-23", "1971-11-27", "1945-10-21", "1964-06-14", "1920-04-25", "1960-06-12", "1918-11-14", "1948-05-30"]}, "do_o": {"freq_str_words": ["1996-06-06", "00", "1992-12-31", "1998-06-19", "2002-06-20", "14", "2006-06-15", "13", "2010-06-03", "2013-08-28", "1992-06-04", "1990-06-05", "1992-04-21", "1992-12-17", "23", "1971-11-25", "1939-03-21", "1935-05-18", "1929-09-25", "1948-05-29", "1960-06-11", "1986-05-22", "1981-06-05", "1976-10-21", "1946-05-16", "1968-12-31", "1925-11-14", "1964-06-13", "1920-04-15", "1954-11-27"]}}, "hl_poslanec": {"vysledek": {"freq_str_words": ["A", "@", "K", "B"]}}, "bod_schuze": {"uplny_naz": {"freq_str_words": ["sch\u016fze", "Poslaneck\u00e9", "sn\u011bmovny", "poslanc\u016f", "Informace", "p\u0159edsedy", "komise", "o", "a", "jejich", "N\u00e1vrh", "na", "\u010dlen\u016f", "v\u00fdboru", "Zpr\u00e1va", "za", "poslance", "z\u0159\u00edzen\u00ed", "dal\u0161\u00edch", "v", "jednac\u00edm", "do", "nebo", "pro", "-", "z\u00e1kona", "\u010d.", "Sb.,", "\u0159\u00e1du", "volbu", "interpelace", "\u010cesk\u00e9", "republiky", "\u010dinnosti", "hospoda\u0159en\u00ed", "rok", "k", "Vl\u00e1dn\u00ed", "n\u00e1vrh", "z\u00e1kona,", "kter\u00fdm", "se", "m\u011bn\u00ed", "dopl\u0148uje", "z\u00e1kon", "volb\u00e1ch", "Parlamentu", "zm\u011bn\u011b", "dopln\u011bn\u00ed", "n\u011bkter\u00fdch", "z\u00e1kon\u016f", "n\u00e1vrh,", "p\u0159edkl\u00e1d\u00e1", "vysloven\u00ed", "souhlasu", "Dohoda", "mezi", "\u010ceskou", "republikou", "podpo\u0159e", "vz\u00e1jemn\u00e9", "ochran\u011b", "investic,", "podepsan\u00e1", "dne", "Protokol", "st\u00e1t\u016f", "\u010dervna", "Smlouva", "zamezen\u00ed", "zdan\u011bn\u00ed", "zabr\u00e1n\u011bn\u00ed", "da\u0148ov\u00e9mu", "\u00faniku", "oboru", "dan\u00ed", "z", "Praze", "vl\u00e1dy", "p\u016fsobnosti", "st\u00e1tn\u00ed", "org\u00e1n\u016f", "spr\u00e1vy", "n\u00e1rodn\u00ed", "rady", "jin\u00fdch", "republiky,", "ve", "zn\u011bn\u00ed", "pozd\u011bj\u0161\u00edch", "p\u0159edpis\u016f,", "st\u00e1tn\u00edch", "st\u00e1tn\u00edm", "st\u00e1tn\u00edho", "rozpo\u010dtu", "1.", "vyd\u00e1n\u00ed", "politick\u00fdch", "Sb.", "\u00fastavn\u00edho", "\u00fastavn\u00ed", "1/1993", "\u00dastava", "Miroslava", "s", "pr\u00e1v", "fondu", "st\u00e1tu", "p\u0159i", "\u010dlena", "Rady", "zpr\u00e1va", "Fondu", "n\u00e1rodn\u00edho", "majetku", "Mezin\u00e1rodn\u00ed", "bezpe\u010dnosti", "zdrav\u00ed", "provozu", "pozemn\u00edch", "komunikac\u00edch", "455/1991", "\u017eivnostensk\u00e9m", "podnik\u00e1n\u00ed", "(\u017eivnostensk\u00fd", "z\u00e1kon),", "p\u0159edpis\u016f", "spot\u0159ebn\u00edch", "(z\u00e1kon", "zm\u011bn\u00e1ch", "z\u00e1kon)", "souvisej\u00edc\u00edch", "opat\u0159en\u00edch", "140/1961", "trestn\u00ed", "z\u00e1kon,", "podm\u00ednk\u00e1ch", "spr\u00e1v\u011b", "586/1992", "dan\u00edch", "p\u0159\u00edjm\u016f,", "vl\u00e1dou", "programu", "pomoci", "\u00damluva", "V\u00fdro\u010dn\u00ed", "zdravotn\u00ed", "\u00fazem\u00ed", "roce", "obdob\u00ed", "od", "ob\u010dansk\u00fd", "z\u00e1kon\u00edk,", "99/1963", "soudn\u00ed", "\u0159\u00e1d,", "n\u011bkter\u00e9", "souvisej\u00edc\u00ed", "trestn\u00edm", "\u010cesk\u00e9ho", "pololet\u00ed", "zru\u0161en\u00ed", "zastupitelstva", "spolupr\u00e1ci", "oblasti", "Zuzky", "odpov\u011bdnosti", "soci\u00e1ln\u00ed", "vys\u00edl\u00e1n\u00ed", "zm\u011bny", "Karla", "ze", "poji\u0161t\u011bn\u00ed", "dal\u0161\u00ed", "zdravotn\u00edm", "\u0159\u00edzen\u00ed", "\u0159\u00e1d),", "st\u00e1ty", "Pavla", "Josefa", "Jana", "St\u00e1tn\u00edho", "poplatc\u00edch,", "proti", "Vojt\u011bcha", "Zde\u0148ka", "poji\u0161t\u011bn\u00ed,", "listopadu", "zdravotn\u00edch", "dani", "z\u00e1kony", "200/1990", "p\u0159estupc\u00edch,", "\u010cNR", "Ji\u0159\u00edho", "v\u011bcech", "spr\u00e1vn\u00edch", "kter\u00e1", "Franti\u0161ka", "Jaroslava", "V\u00e1clava", "jeho", "vlastnictv\u00ed", "Petra", "v\u00fdkonu", "ve\u0159ejn\u00fdch", "Milana", "z\u00e1kon\u016f,", "souvislosti", "Stanislava", "Michala", "Miloslava", "Jany", "Sen\u00e1tn\u00ed", "Evropsk\u00e9", "Arm\u00e1dy", "sil", "vojensk\u00fdch", "p\u0159ijet\u00edm", "ratifikac\u00ed", "Ladislava", "stran\u011b", "Po\u0159ad", "Bohuslava", "kraje", "Martina", "zam\u011bstnanc\u016f", "2002", "2004", "Kate\u0159iny", "2003", "2007", "2013", "634/2004", "2008", "2009", "Jeron\u00fdma", "2010", "2011", "2014"]}, "uplny_kon": {"freq_str_words": ["Nen\u00ed", "sn.tisk", "/sn\u011bmovn\u00ed", "tisk", "sn.tiskem"]}, "poznamka": {"freq_str_words": ["St", "\u010ct"]}, "pozn2": {"freq_str_words": ["P\u00e1", "1.", "bod", "3.", "\\\\", "\u010ct", "\u00dat", "St"]}, "zkratka": {"freq_str_words": ["Po\u0159ad", "sch\u016fze", "\u00faz", "a", "v", "\u010cR", "-", "P", "D", "\u00da", "S", "trestn\u00ed", "na", "\u00dastava", "ochrana", "z", "z\u00e1kon", "\u0159\u00e1d", "volba", "o", "EU", "\u010dl.", "-EU", "sn", "z\u00e1kon\u00edk", "nz", "I", "vz", "p"]}}, "hl_zposlanec": {}, "hl_vazby": {}, "schuze_stav": {"text_dt": {"freq_str_words": ["20", "minut", "po", "ukon\u010den\u00ed", "sch\u016fze", "10.", "v", "hodin", "hod.", "ve", "14:30", "10", "27.", "skon\u010den\u00ed", "30", "prosince,", "PS", "z\u00e1\u0159\u00ed,"]}, "text_st": {"freq_str_words": ["\u017e\u00e1dost", "vl\u00e1dy", "\u010cR", "o", "vysloven\u00ed", "d\u016fv\u011bry", "vyslovena", "n\u00e1vrh", "na", "ned\u016fv\u011bry", "vl\u00e1d\u011b", "nebyl", "schv\u00e1len", "p\u0159eru\u0161eno", "do"]}, "tm_line": {"freq_str_words": ["P\u0159eru\u0161eno.", "do"]}}, "schuze": {"od_schuze": {"freq_str_words": ["14", "09", "10", "13", "16", "18", "11", "00", "2011-11-03"]}, "do_schuze": {"freq_str_words": ["16", "13", "17", "11", "15", "19", "20", "14", "10", "12", "18", "21", "22", "2008-06-25", "23", "2010-02-12", "2011-11-03"]}, "aktualizace": {"freq_str_words": ["2000-06-26", "12:00", "15:00", "2008-06-25", "2011-11-03"]}}, "poslanec": {"web": {"freq_str_words": ["\\\\"]}, "ulice": {"freq_str_words": ["\\\\", "n\u00e1m\u011bst\u00ed", "n\u00e1m."]}, "obec": {"freq_str_words": ["\\\\", "Brno", "Praha"]}, "psc": {"freq_str_words": ["\\\\"]}, "email": {"freq_str_words": ["\\\\"]}, "telefon": {"freq_str_words": ["\\\\"]}, "fax": {"freq_str_words": ["\\\\"]}, "psp_telefon": {"freq_str_words": ["\\\\"]}, "facebook": {"freq_str_words": ["\\\\"]}}, "hl_hlasovani": {"datum": {"freq_str_words": ["2013-12-10", "2013-12-19", "2014-02-14", "2014-03-26", "2014-05-14", "2014-06-20", "2014-07-17", "2014-09-10", "2014-09-23", "2014-09-24", "2014-09-26", "2014-11-05", "2014-12-09", "2014-12-10", "2014-12-12", "2015-02-11", "2015-02-13", "2015-04-07", "2015-04-10", "2015-04-29", "2015-05-20", "2015-06-16", "2015-06-19", "2015-07-07", "2015-07-08", "2015-07-09", "2015-09-16", "2015-09-18", "2015-10-02", "2015-11-13"]}, "druh_hlasovani": {"freq_str_words": ["N"]}, "vysledek": {"freq_str_words": ["R", "A"]}, "nazev_dlouhy": {"freq_str_words": ["o", "PS", "a", "\u010dlen\u016f", "N\u00e1vrh", "na", "v\u00fdbor\u016f", "zm\u011bn\u011b", "dani", "z", "poji\u0161t\u011bn\u00ed", "-", "z.", "sch\u016fze", "Po\u0159ad", "zm\u011bny", "ve", "org\u00e1n\u016f", "Poslaneck\u00e9", "sn\u011bmovny", "N\u00e1v.", "v", "za", "2013", "Vl.", "n.", "st\u00e1tn\u00edm", "rozpo\u010dtu", "\u010cR", "rok", "2014", "k", "Novela", "ochran\u011b", "pro", "ve\u0159ejn\u00e9m", "zdravotn\u00edm", "EU", "s", "cizinc\u016f", "\u00fazem\u00ed", "volbu", "\u010dinnosti", "2015", "N.z.", "Registru", "smluv", "z\u00e1k.", "slu\u017eebn\u00ed", "z\u00e1kon", "energetick\u00fd", "Vl.n.z.", "\u0159\u00e1d", "mezi", "Zpr\u00e1va", "prost\u0159ed\u00ed", "se", "vl\u00e1dy", "\u010cesk\u00e9", "komunikac\u00edch", "st\u00e1ty", "poskytov\u00e1n\u00ed", "slu\u017eby", "p\u00e9\u010de", "d\u00edt\u011b", "d\u011btsk\u00e9", "skupin\u011b", "Informace", "st\u00e1tn\u00ed", "odpadech", "P\u00edsemn\u00e1", "interpelace", "v\u011bci", "spot\u0159ebn\u00edch", "dan\u00edch", "situaci", "slu\u017eb\u00e1ch", "\u0161kolsk\u00fd", "posuzov\u00e1n\u00ed", "vliv\u016f", "\u017eivotn\u00ed", "fondu", "evidenci"]}}, "bod_stav": {}}