{"name": "employee", "csv_kwargs": {"sep": "\t"}, "db_load_kwargs": {"postgres": "DELIMITER '\t' QUOTE '\"' ESCAPE '\\' NULL 'NULL' CSV HEADER;"}, "tables": ["dept_emp", "dept_manager", "employees", "departments", "titles", "salaries"], "relationships": [["dept_emp", ["emp_no"], "employees", ["emp_no"]], ["dept_emp", ["dept_no"], "departments", ["dept_no"]], ["dept_manager", ["emp_no"], "employees", ["emp_no"]], ["salaries", ["emp_no"], "employees", ["emp_no"]], ["titles", ["emp_no"], "employees", ["emp_no"]]]}