{"dept_emp": {"dept_no": {"freq_str_words": ["d005", "d007", "d004", "d003", "d008", "d006", "d009", "d001", "d002"]}, "to_date": {"freq_str_words": ["9999-01-01"]}}, "dept_manager": {"dept_no": {"freq_str_words": ["d001", "d002", "d003", "d004", "d005", "d006", "d007", "d008", "d009"]}, "from_date": {"freq_str_words": ["1985-01-01"]}, "to_date": {"freq_str_words": ["9999-01-01"]}}, "employees": {"gender": {"freq_str_words": ["M", "F"]}}, "departments": {}, "titles": {"title": {"freq_str_words": ["Senior", "Engineer", "Staff", "Assistant", "Technique", "Leader"]}, "to_date": {"freq_str_words": ["9999-01-01"]}}, "salaries": {"to_date": {"freq_str_words": ["9999-01-01"]}}}