{"name": "tpc_h", "csv_kwargs": {"escapechar": "\\", "encoding": "utf-8", "quotechar": "\"", "error_bad_lines": false, "sep": "|"}, "db_load_kwargs": {"postgres": "DELIMITER '|' QUOTE '\"' ESCAPE '\\' NULL '' CSV HEADER;"}, "tables": ["nation", "region", "part", "supplier", "partsupp", "customer", "orders", "lineitem"], "relationships": [["lineitem", "l_orderkey", "orders", "o_orderkey"], ["orders", "o_custkey", "customer", "c_custkey"], ["lineitem", ["l_partkey", "l_suppkey"], "partsupp", ["ps_partkey", "ps_suppkey"]], ["partsupp", "ps_partkey", "part", "p_partkey"], ["partsupp", "ps_suppkey", "supplier", "s_suppkey"], ["supplier", "s_nationkey", "nation", "n_nationkey"], ["nation", "n_regionkey", "region", "r_regionkey"]]}