{"nation": {"n_name": {"freq_str_words": ["UNITED"]}, "n_comment": {"freq_str_words": ["", "haggle.", "carefully", "final", "deposits", "slyly", "foxes", "according", "to", "the", "regular", "accounts.", "bold", "requests", "y", "alongside", "of", "pending", "deposits.", "special", "packages", "are", "about", "ironic", "ironic,", "silent", "packages.", "furiously", "fluffily", "above", "unusual", "quickly", "across", "wake", "quickly.", "requests.", "platelets.", "accounts", "excuses", "cajole", "express", "haggle", "sleep", "carefull", "dependencies.", "boost", "blithely", "pinto", "closely", "use", "asymptotes", "dependencies", "platelets"]}}, "region": {"r_comment": {"freq_str_words": ["blithely", "final", "regular", "are", "requests.", "accounts", "even", "cajole", "carefully"]}}, "part": {"p_name": {"freq_str_words": ["goldenrod", "lavender", "spring", "chocolate", "lace", "blush", "thistle", "blue", "yellow", "saddle", "green", "purple", "cornsilk", "cornflower", "smoke", "pink", "forest", "brown", "coral", "puff", "cream", "bisque", "lawn", "magenta", "moccasin", "khaki", "floral", "misty", "snow", "royal", "dim", "navajo", "dark", "gainsboro", "linen", "powder", "maroon", "seashell", "almond", "orchid", "wheat", "orange", "ghost", "olive", "rosy", "rose", "blanched", "honeydew", "sky", "turquoise", "medium", "deep", "drab", "peach", "indian", "navy", "lemon", "tan", "ivory", "sandy", "midnight", "azure", "frosted", "lime", "black", "burlywood", "metallic", "aquamarine", "steel", "firebrick", "light", "beige", "white", "grey", "salmon", "slate", "burnished", "tomato", "chiffon", "papaya", "mint", "sienna", "peru", "chartreuse", "red", "pale", "cyan", "dodger", "antique", "hot", "violet", "plum"]}, "p_mfgr": {"freq_str_words": ["Manufacturer#1", "Manufacturer#4", "Manufacturer#3", "Manufacturer#2", "Manufacturer#5"]}, "p_brand": {"freq_str_words": ["Brand#13", "Brand#42", "Brand#34", "Brand#32", "Brand#24", "Brand#11", "Brand#44", "Brand#43", "Brand#54", "Brand#25", "Brand#33", "Brand#55", "Brand#15", "Brand#23", "Brand#12", "Brand#35", "Brand#52", "Brand#14", "Brand#53", "Brand#22", "Brand#45", "Brand#21", "Brand#41", "Brand#51", "Brand#31"]}, "p_type": {"freq_str_words": ["PROMO", "BURNISHED", "COPPER", "LARGE", "BRUSHED", "BRASS", "STANDARD", "POLISHED", "SMALL", "PLATED", "TIN", "STEEL", "NICKEL", "MEDIUM", "ANODIZED", "ECONOMY"]}, "p_container": {"freq_str_words": ["JUMBO", "PKG", "LG", "CASE", "WRAP", "MED", "DRUM", "SM", "BAG", "CAN", "BOX", "PACK", "JAR"]}, "p_comment": {"freq_str_words": ["slyly", "accounts", "deposits", "p", "furiously", "r", "", "wake", "carefully", "a", "ironic", "final", "quickly", "c", "regular", "s", "cajole", "pending", "are", "the", "even", "requests", "ly", "e", "blithely", "pinto", "unusual", "to", "foxes", "fluffily", "haggle", "packages", "sleep", "ideas", "y", "beans", "special", "t", "bold", "th", "sly", "d", "re", "f", "s.", "about", ".", "express", "b"]}}, "supplier": {"s_address": {"freq_str_words": [""]}, "s_comment": {"freq_str_words": ["slyly", "above", "the", "careful", "", "bold", "instructions.", "blithely", "silent", "requests", "after", "express", "dependencies", "are", "even", ".", "regular", "pinto", "final", "accounts.", "dolphins", "use", "against", "furiously", "ironic", "s", "deposits.", "wake", "beans.", "asymptotes", "s.", "unusual,", "along", "y", "packages.", "accounts", "affix", "unusual", "excuses", "across", "packages", "nag", "alongside", "of", "express,", "special", "fluffily", "platelets", "quickly", "ideas", "haggle", "ideas.", "foxes", "theodolites", "sleep", "about", "instructions", "integrate", "pending", "among", "to", "regular,", "carefully", "asymptotes.", "according", "beans", "furiously.", "cajole", "blithely.", "pending,", "f", "deposits", "final,", "requests.", "boost", "ironic,", "th", "sly", "t", "dependencies.", "detect", "at", "quickly.", "even,", "b", "special,", "r", "are.", "courts", "around", "foxes.", "a", "bold,", "platelets.", "e", "sleep.", "c", "ly", "slyly.", "carefully.", "re", "theodolites.", "p", "cajole.", "fluffily.", "d", "excuses.", "furious"]}}, "partsupp": {"ps_comment": {"freq_str_words": ["even", "theodolites.", "regular,", "final", "theodolites", "eat", "after", "the", "carefully", "pending", "foxes.", "furiously", "regular", "deposits", "sleep", "slyly.", "bold", "above", "ironic", "dependencies", "haggle", "careful", "ideas.", "quickly", "packages", "have", "to", "are", "fluffily", "blithely", "special", "integrate", "excuses.", "silent", "pending,", "express", "serve", "pinto", "beans.", "final,", "accounts.", "accounts", "about", "ironic,", "packages.", "furiously.", "ideas", "impress", "stealthy", "fluffily.", "slyly", "snooze", "according", "nag", "wake", "carefully.", "even,", "requests", "cajole.", "foxes", "affix", "unusual", "requests.", "across", "boost", "around", "platelets", "p", "of", "f", "", "unusual,", "detect", "alongside", "use", "beans", "cajole", "along", "ly", "courts", "quick", "instructions", "run", "dependencies.", "y", "deposits.", "promise", "fluffy", "among", "busy", "stealthily", "poach", "sly", "instructions.", "ruthless", "asymptotes.", "against", "daring", "boldly", ".", "hinder", "solve", "express,", "quickly.", "r", "dolphins", "platelets.", "s", "asymptotes", "boost.", "evenly", "d", "use.", "silently", "a", "brave", "wake.", "sometimes", "bold,", "play", "engage", "at", "x-ray", "s.", "permanently", "are.", "e", "special,", "believe", "b", "kindle", "enticing", "close", "excuses", "dogged", "enticingly", "c", "permanent", "ironically", "thinly", "ruthlessly", "thin", "haggle.", "dazzle", "courts.", "silent,", "idle", "th", "sleep.", "thrash", "busily", "bravely", "lose", "re", "sublate", "was", "t", "quietly", "hang", "doze", "hockey", "doggedly", "nod", "slow", "blithely.", "unwind", "furious", "nag.", "mold", "idly", "quiet", "finally", "never", "always", "blithe", "daringly", "regularly", "dolphins.", "grow", "print", "slowly", "breach", "closely"]}}, "customer": {"c_address": {"freq_str_words": [""]}, "c_mktsegment": {"freq_str_words": ["BUILDING", "AUTOMOBILE", "MACHINERY", "HOUSEHOLD", "FURNITURE"]}, "c_comment": {"freq_str_words": ["to", "the", "even,", "regular", "platelets.", "regular,", "ironic", "nag", "e", "accounts.", "blithely", "theodolites", "integrate", "", "deposits", "slyly", "ironic,", "even", "instructions.", "express", "foxes", "detect", "slyly.", "accounts", "requests.", "final,", "ideas", "sleep", "final", "cajole", "boost", "according", "bold", "packages.", "furious", "theodolites.", "express,", "pinto", "beans", "among", "courts.", "carefully", "haggle", "along", "r", "requests", "wake", "pending", "haggle.", "quickly", "above", "beans.", "after", "use", "packages", "across", "asymptotes.", "unusual", "at", "silent", "fluffily", "s", "sleep.", "instructions", "furiously", "alongside", "of", "t", "careful", "are", "special", "ideas.", "deposits.", "about", "c", "dependencies", "platelets", "against", "s.", "furiously.", "special,", "excuses.", "asymptotes", "excuses", "are.", "ly", "bold,", "quickly.", "courts", "around", "unusual,", "a", "re", "foxes.", "pending,", "blithely.", ".", "carefully.", "affix", "dolphins.", "y", "dependencies.", "fluffily.", "wake.", "blithe", "sly", "b", "dolphins", "quick", "cajole.", "th", "f", "p"]}}, "orders": {"o_orderstatus": {"freq_str_words": ["O", "F", "P"]}, "o_orderpriority": {"freq_str_words": ["5-LOW", "1-URGENT", "4-NOT", "SPECIFIED", "2-HIGH", "3-MEDIUM"]}, "o_comment": {"freq_str_words": ["sleep", "furiously", "among", "", "foxes.", "pending", "accounts", "the", "pending,", "silent", "sly", "final", "carefully", "regular", "ideas", "cajole", "carefully.", "slyly", "regular,", "theodolites", "quickly.", "bold", "deposits", "slyly.", "packages", "use", "special,", "requests", "are", "against", "ly", "special", "blithely", "bold,", "requests.", "quickly", "unusual", "packages.", "fluffily", "wake", "ideas.", "nag", "blithely.", "pinto", "beans.", "haggle", "express", "re", "express,", "ironic", "beans", "about", "even", "y", "integrate", "around", "detect", "along", "furiously.", "accounts.", "after", "c", "asymptotes.", "to", "e", "alongside", "of", "above", "according", "instructions", "f", "asymptotes", "excuses", "boost", "unusual,", "foxes", "s", "platelets", "t", "instructions.", "across", "ironic,", "excuses.", "affix", "theodolites.", "r", "s.", "even,", "deposits.", "dolphins", "dependencies", "b", "a", "courts", "final,", ".", "d", "platelets.", "th", "p", "dependencies."]}}, "lineitem": {"l_returnflag": {"freq_str_words": ["N", "R", "A"]}, "l_linestatus": {"freq_str_words": ["O", "F"]}, "l_shipinstruct": {"freq_str_words": ["DELIVER", "IN", "PERSON", "TAKE", "BACK", "RETURN", "NONE", "COLLECT", "COD"]}, "l_shipmode": {"freq_str_words": ["TRUCK", "MAIL", "REG", "AIR", "FOB", "RAIL", "SHIP"]}, "l_comment": {"freq_str_words": ["above", "the", "ly", "final", "slyly", "bold", "", "regular,", "express", "fluffily", "even", "pending", "foxes.", "re", "requests.", "deposits", "a", "of", "furiously", "unusual", "accounts.", "foxes", "nag", "sleep", "after", "quickly", "regular", "packages", "wake", "use", "special", "p", "pinto", "beans", "against", "th", "instructions", ".", "requests", "haggle", "carefully", "ironic", "deposits.", "excuses", "alongside", "accounts", "according", "to", "e", "cajole", "theodolites", "are", "s", "f", "boost", "s.", "blithely", "across", "silent", "final,", "packages.", "ideas.", "r", "y", "along", "ideas", "c", "theodolites.", "about", "ironic,", "platelets", "among", "b", "sly", "t", "asymptotes", "instructions.", "beans."]}}}