{"title": {"title": {"freq_str_words": ["The", "of", "Part", "2", "-", "a", "in", "the", "1", "A", "to", "de", "and"]}}, "cast_info": {"note": {"freq_str_words": ["(voice)", "(as", "(archive", "footage)", "(uncredited)", "Charlie", "Adler)"]}}, "company_name": {"name": {"freq_str_words": ["Productions", "Film", "Group", "Films", "Entertainment", "Media", "The", "International", "Production", "Studios", "Home", "Video", "TV", "Inc.", "Television", "Company", "Pictures", "of", "&", "Distribution"]}, "country_code": {"freq_str_words": ["[de]", "[us]", "[gb]", "[it]", "[es]", "[fr]", "[in]", "[jp]", "[br]", "[ca]", "[au]", "[nl]"]}}, "company_type": {"kind": {"freq_str_words": ["companies"]}}, "info_type": {"info": {"freq_str_words": ["color", "info", "sound", "release", "dates", "birth", "notes", "date", "death", "other", "LD", "disc", "format", "production", "country", "video", "noise", "audio", "information", "quality", "analog", "number", "of", "title", "votes", "weekend", "gross", "rank"]}}, "keyword": {"phonetic_code": {"freq_str_words": ["R1652"]}}, "movie_companies": {"note": {"freq_str_words": ["(2006)", "(USA)", "(TV)", "(worldwide)", "(2012)", "(all", "media)", "(2013)", "(2011)", "(UK)", "(Canada)", "(Netherlands)", "(2010)", "(2001)", "(2002)", "(2005)", "(2004)", "(2009)", "(2003)", "(original", "airing)", "(DVD)", "(Germany)", "(2008)", "(2007)", "(Hungary)", "(Spain)", "(Japan)", "(Philippines)"]}}, "movie_info_idx": {"info": {"freq_str_words": ["6", "7", "6.8", "6.9", "7.0", "7.6", "7.3", "7.8", "7.7", "7.9", "7.2", "7.5", "7.4", "9", "8", "10", "5", "7.1"]}}, "movie_keyword": {}, "movie_info": {"info": {"freq_str_words": ["English", "Japanese", "Spanish", "Portuguese", "German", "Dutch", "French"]}}, "person_info": {"info": {"freq_str_words": ["5'", "was", "born", "and", "in", "a", "", "He", "has", "with", "that", "one", "the", "he", "to", "you", "into", "His", "him", "at", "his", "of", "when", "School", "as", "an", "The", "had", "out", "their", "but", "after", "from", "up", "two", "on", "where", "is", "many", "been", "be", "have", "for", "2", "by", "3", "years", "then", "worked", "child", "I", "her", "it", "she", "were", "work", "all", "not", "or", "November", "-", "April", "Los", "California,", "USA", "career", "time", "first", "role", "which", "6'", "University", "London,", "began", "TV", "After", "film", "production", "Film", "also", "most", "\"The", "music", "made", "several", "who", "American", "New", "In", "York", "York,", "February", "(qv)", "March", "de", "A", "October", "August", "Robert", "&", "Music", "commercial", "(qv),", "(I)'", "(qv).", "(USA),", "by:", "David", "age", "about", "this", "such", "July", "pg.", "1", "December", "Iss.", "Vol.", "May", "6", "8", "they", "played", "John", "UK", "children", "William", "(qv)'s", "cm", "(?", "5", "4", "January", "12", "June", "George", "Her", "Theatre", "She", "are", "acting", "films", "September", "Has", "Directed", "England,", "actor", "10", "play,", "Produced", "(UK),", "television", "directed", "Broadway", "(as", "Theatre:", "performances).", "Cast:", "Stage", "Play:"]}}, "kind_type": {"kind": {"freq_str_words": ["movie", "tv", "series", "video"]}}, "char_name": {"name": {"freq_str_words": ["Man", "Himself", "-", "Mr.", "the", "The", "in", "Dr.", "de", "Le"]}, "name_pcode_nf": {"freq_str_words": ["H5241"]}, "surname_pcode": {"freq_str_words": ["M5"]}}, "aka_name": {"name": {"freq_str_words": ["Michael", "A.", "Dr.", "John", "David", "J.", "Brown,"]}, "name_pcode_cf": {"freq_str_words": ["A5362"]}, "surname_pcode": {"freq_str_words": ["B62", "B42", "B2", "B4", "B6", "B63", "B65", "B5"]}}, "name": {"name": {"freq_str_words": ["David", "John", "Michael", "Adams,", "Baker,", "Alexander,", "Allen,", "Anderson,"]}, "imdb_index": {"freq_str_words": ["II", "I", "IV", "III"]}, "gender": {"freq_str_words": ["m"]}, "name_pcode_cf": {"freq_str_words": ["A4162", "A5362", "A4163", "A4253"]}, "surname_pcode": {"freq_str_words": ["A25", "A2", "A5", "A62", "A26", "A4", "A45", "A53", "B26", "A352", "A535", "B2", "B4", "B63"]}}}