{"upravna_enota": {"ime_upravna_enota": {"freq_str_words": ["Bistrica", "Ljubljana", "ob", "pri"]}}, "oseba": {"povzrocitelj_ali_udelezenec": {"freq_str_words": ["D", "N"]}, "poskodba": {"freq_str_words": ["L", "P", "H", "B"]}, "vrsta_udelezenca": {"freq_str_words": ["TV", "OA", "PT", "AV", "PE", "KO", "KM"]}, "varnostni_pas_ali_celada": {"freq_str_words": ["N", "0", "D"]}, "starost_d": {"freq_str_words": ["D", "C", "B", "E", "F", "G", "H"]}, "vozniski_staz_d": {"freq_str_words": ["B", "A", "D", "E", "C", "N", "F"]}, "alkotest_d": {"freq_str_words": ["B", "A", "N", "C", "D", "E"]}, "strokovni_pregled_d": {"freq_str_words": ["A", "N"]}}, "nesreca": {"klas_nesreca": {"freq_str_words": ["H", "B", "L", "P"]}, "naselje_ali_izven": {"freq_str_words": ["D", "N"]}, "kategorija_cesta": {"freq_str_words": ["V", "L", "M", "N", "R", "A"]}, "oznaka_cesta_ali_naselje": {"freq_str_words": ["00003", "25001", "00001", "00010", "00A10", "17042", "010-1", "010-8", "64033", "000A1", "03011", "18035"]}, "tekst_cesta_ali_naselje": {"freq_str_words": ["MEJA", "A-VI\u010c-ORMO\u017d-MEJA", "RH", "-", "LJUBLJANA", "NOVA", "GORICA", "KORENSKO", "SEDLO", "BREGANA", "\u0160ENTILJ", "DEKANI", "KOPER", "NA", "PO\u010cEHOVA", "LENDAVA", "DRAVOGRAD-DOBOVEC-MEJA", "MARIBOR", "PREDOR", "KARAVANKE-BREGANA", "CELJE", "VAS", "PRI", "KRANJ", "OBRE\u017dJE"]}, "oznaka_odsek_ali_ulica": {"freq_str_words": ["00000"]}, "tekst_odsek_ali_ulica": {"freq_str_words": ["NI", "ULIC", "ODSEKOV", "ULICA", "CESTA", "TRG", "NA", "VAS"]}, "opis_prizorisce": {"freq_str_words": ["C", "R", "P"]}, "vzrok_nesreca": {"freq_str_words": ["PR", "HI", "SV", "PD", "VR", "PV", "OS"]}, "tip_nesreca": {"freq_str_words": ["BT", "\u00c8T", "TO", "OS", "NT", "OP", "TV", "PR", "PP"]}, "vreme_nesreca": {"freq_str_words": ["O", "J", "M", "D", "S"]}, "stanje_promet": {"freq_str_words": ["R", "N", "G", "E"]}, "stanje_vozisce": {"freq_str_words": ["MO", "PN", "SP", "SU", "SL", "SN"]}, "stanje_povrsina_vozisce": {"freq_str_words": ["A", "M"]}}}